length, lev_dist, sample_ms, total_ms, total_samples, lev_ball_arcs, productions, rank, edit1, edit2, edit3
22, 1, 0, 40098, 9, 110, 64, 2, I::NAME::2
21, 1, 1, 38799, 32, 105, 207, 25, I::)::20
21, 2, 11, 57905, 3385, 211, 1277, 0, D::NAME::16, D::NAME::17
33, 1, 1, 57955, 21, 165, 138, 0, D::...::27
26, 1, 0, 44465, 24, 130, 138, 23, I::)::25
27, 1, 22, 46400, 50, 135, 190, 2, S::NAME::return::20
39, 1, 2, 77159, 34, 195, 300, 0, D::)::19
21, 1, 0, 37789, 5, 105, 110, 4, I::}::20
30, 1, 0, 51834, 3, 150, 75, 0, S::NAME::lambda::18
31, 2, 374, 112685, 10297, 311, 2480, 8258, I::(::26, I::)::31
25, 2, 4, 71126, 1414, 251, 854, 0, D::}::19, D::NEWLINE::21
35, 3, 65, 286070, 5704, 561, 217, 1723, S::=::==::12, S::=::==::21, S::=::==::30
28, 1, 1, 46078, 48, 140, 284, 42, I::)::26
33, 3, 85, 267580, 7827, 529, 5005, 129, I:::::23, D::...::30, D::.::31
24, 1, 0, 40535, 1, 120, 46, 0, D::import::1
33, 1, 1, 56966, 7, 165, 152, 0, D::)::31
24, 1, 1, 41979, 32, 120, 218, 28, I::]::23
23, 1, 2, 40506, 54, 115, 283, 0, D::[::0
22, 2, 2487, 60244, 958, 221, 569, 0, D::>>::0, D::>::1
27, 1, 2, 44552, 29, 135, 140, 0, D::NAME::18
24, 1, 0, 41794, 1, 120, 50, 0, I::}::22
29, 1, 63, 49280, 30, 145, 146, 0, D::NUMBER::0
26, 1, 0, 44346, 49, 130, 248, 45, I::)::24
31, 2, 1750, 104739, 2295, 311, 1271, 237, S::[::{::2, S::]::}::29
22, 1, 0, 38437, 32, 110, 219, 26, I::)::21
29, 1, 0, 49777, 17, 145, 101, 8, S::NAME::<::21
28, 2, 83, 87315, 2597, 281, 1002, 2524, I:::::25, I::None::26
25, 1, 0, 42052, 24, 125, 124, 0, D::NUMBER::20
37, 2, 219, 168401, 3927, 371, 3993, 2603, I::(::1, I::)::36
25, 2, 35, 73767, 2368, 251, 1473, 2268, I::)::19, I::NEWLINE::24
39, 1, 1, 75673, 13, 195, 208, 9, I::}::37
29, 2, 18, 94657, 1552, 291, 1340, 305, S::STRING::)::16, I::NEWLINE::18
25, 2, 6, 72203, 734, 251, 971, 595, I::]::20, I::NEWLINE::21
23, 2, 93, 66357, 3954, 231, 1892, 2296, I::(::1, I::)::21
40, 2, 0, 179367, 2, 401, 81, 0, D::class::4, D::-::5
28, 1, 0, 46569, 12, 140, 82, 0, D:://::15
36, 1, 1, 65604, 19, 180, 129, 1, S::=:::::4
33, 1, 0, 58295, 5, 165, 146, 2, I::}::31
34, 1, 2, 61126, 44, 170, 193, 22, I::.::8
30, 1, 0, 51383, 37, 150, 156, 20, I::+::16
27, 1, 0, 45631, 2, 135, 72, 0, I::}::26
24, 2, 0, 67988, 592, 241, 180, 0, D::NUMBER::2, D::NUMBER::18
28, 1, 0, 47394, 2, 140, 65, 0, S::{::(::3
27, 2, 6895, 81882, 1871, 271, 1034, 0, D::>>::0, D::>::1
25, 1, 0, 42912, 20, 125, 117, 0, S::,:::::9
28, 1, 0, 47598, 30, 140, 180, 27, I::)::25
25, 3, 1488, 161634, 48590, 401, 4756, 80, D::NAME::0, S::NAME::(::20, S::;::)::22
23, 2, 13578, 64162, 1835, 231, 1003, 0, D::>>::0, D::>::1
23, 2, 6, 65084, 898, 231, 444, 1, D::)::9, D::)::21
23, 1, 0, 40605, 33, 115, 161, 32, I::,::12
22, 2, 11, 61572, 502, 221, 817, 477, I::)::20, I::}::21
24, 2, 22, 73507, 5384, 241, 2108, 1, D::for::7, D::NAME::8
33, 2, 10, 117353, 715, 331, 1232, 0, D::(::8, D::)::9
26, 1, 0, 44488, 13, 130, 125, 0, D::]::23
30, 2, 4, 96333, 310, 301, 213, 3, S::NAME::,::3, D:::::5
27, 1, 0, 45943, 1, 135, 56, 0, I::,::14
33, 2, 145, 138818, 13968, 331, 4073, 0, D::NAME::18, D::(::19
25, 1, 0, 41892, 17, 125, 95, 3, S::=::==::13
21, 1, 1, 38221, 53, 105, 258, 48, I::)::18
22, 1, 0, 39103, 2, 110, 57, 0, S::{::[::13
25, 1, 0, 43608, 32, 125, 168, 25, S::STRING::]::22
22, 1, 0, 38730, 37, 110, 158, 0, S::.:::::6
34, 2, 7, 126498, 851, 341, 835, 192, D::)::22, I::)::28
33, 2, 33, 122329, 2703, 331, 2168, 2510, I::)::21, I::NEWLINE::23
28, 1, 4, 47118, 24, 140, 117, 6, I::,::7
36, 1, 49, 65116, 33, 180, 172, 1, S::NAME::import::0
21, 1, 0, 37790, 25, 105, 133, 24, I::)::20
28, 1, 0, 47471, 23, 140, 219, 0, D::)::24
21, 1, 0, 36743, 9, 105, 69, 7, I::)::19
23, 1, 0, 39788, 19, 115, 108, 18, S::,:::::8
32, 1, 0, 57095, 7, 160, 166, 0, I::}::30
31, 2, 0, 103373, 29, 311, 148, 26, I::]::30, I::}::31
34, 2, 89, 126157, 6468, 341, 2504, 5224, I::(::25, I::)::33
37, 1, 0, 69317, 11, 185, 95, 0, D::>::35
35, 1, 1, 64165, 28, 175, 148, 7, I::=::1
23, 1, 2, 39991, 23, 115, 107, 6, I::,::19
21, 2, 5, 57489, 3087, 211, 961, 0, D::NUMBER::11, D:::::12
37, 2, 2, 154006, 505, 371, 262, 29, D::(::20, I::NEWLINE::32
23, 1, 0, 39336, 32, 115, 136, 11, I::=::6
38, 2, 1, 157639, 16, 381, 108, 15, I::[::23, I::[::29
21, 1, 0, 37839, 22, 105, 106, 0, D::NAME::17
33, 1, 0, 56670, 24, 165, 172, 20, I::)::31
29, 2, 38, 94703, 6749, 291, 2094, 5443, I::(::1, I::)::10
21, 1, 1, 37291, 26, 105, 146, 23, I::)::20
28, 1, 0, 48123, 1, 140, 58, 0, I::in::5
24, 1, 1, 41849, 43, 120, 201, 41, I::)::22
33, 1, 0, 57021, 1, 165, 66, 0, S::}::]::31
37, 1, 1, 67639, 13, 185, 99, 0, D::>::0
23, 1, 0, 40929, 23, 115, 107, 5, I::,::6
26, 1, 0, 44517, 45, 130, 197, 44, I::)::24
32, 2, 23, 113352, 702, 321, 1008, 635, I::(::13, I::(::23
26, 2, 20, 76098, 1578, 261, 1089, 170, I::]::13, D::]::22
28, 3, 1, 161751, 97, 449, 169, 3, S::NAME::import::0, S::NAME::from::3, S::NAME::from::10
26, 1, 0, 43266, 33, 130, 157, 0, D::NAME::11
35, 1, 0, 62728, 1, 175, 72, 0, I::,::28
25, 2, 4, 70360, 143, 251, 105, 0, D::**::0, D::**::23
28, 2, 47, 89734, 6291, 281, 1925, 5969, I::,::25, I::,::27
23, 1, 1, 39968, 23, 115, 124, 0, D::.::14
28, 2, 5, 85457, 143, 281, 104, 0, D::**::0, D::**::26
24, 2, 3, 66648, 1230, 241, 721, 1213, I::)::22, I::]::23
31, 2, 80, 102283, 1496, 311, 762, 19, S::[::{::3, S::]::}::11
40, 2, 0, 179463, 4, 401, 98, 3, I::}::6, I::}::26
25, 2, 47, 74225, 7287, 251, 2071, 5814, I::(::20, I::)::24
26, 2, 0, 75676, 7, 261, 74, 0, D::if::6, D:::::16
22, 2, 50, 61919, 2945, 221, 1467, 0, D::NAME::3, D:::::4
32, 1, 0, 53770, 46, 160, 244, 41, I::)::21
28, 1, 0, 46147, 13, 140, 143, 8, I::]::27
27, 2, 0, 78165, 147, 271, 146, 0, D::*::20, D::*::24
28, 1, 11, 48209, 61, 140, 267, 55, I::)::20
37, 1, 20, 69916, 56, 185, 323, 0, D::(::20
24, 1, 2, 41551, 71, 120, 329, 65, I::)::22
30, 1, 0, 50940, 20, 150, 93, 1, S::in::NAME::10
21, 2, 4, 55552, 787, 211, 275, 288, S::=::==::12, S::=::==::16
35, 1, 0, 62379, 5, 175, 90, 0, D::.::33
30, 1, 0, 52105, 23, 150, 140, 21, I::)::27
37, 3, 9, 317142, 14011, 593, 342, 1121, I::=::1, I::NEWLINE::6, D::NAME::23
28, 2, 12, 83021, 1360, 281, 1297, 1241, I::)::20, I::NEWLINE::22
36, 1, 0, 63997, 17, 180, 117, 0, I::,::19
24, 2, 545, 69073, 1889, 241, 952, 191, S::[::{::2, S::]::}::22
26, 1, 0, 45077, 8, 130, 88, 1, S::NEWLINE:::::7
31, 1, 3, 53292, 24, 155, 124, 0, D::NAME::21
31, 1, 1, 53305, 51, 155, 392, 0, D::)::27
38, 1, 0, 72092, 13, 190, 103, 0, D::=::2
26, 2, 7, 74338, 158, 261, 145, 0, D::**::0, D::**::24
31, 2, 167, 109217, 4265, 311, 2054, 1480, I::NAME::2, S::=::.::3
40, 2, 597, 187641, 2916, 401, 1557, 408, S::[::{::3, S::]::}::27
26, 2, 3, 74124, 116, 261, 417, 5, D::{::13, I::}::24
40, 1, 0, 78122, 1, 200, 82, 0, I::{::9
24, 1, 1, 42517, 89, 120, 355, 86, I::)::20
41, 1, 0, 83068, 2, 205, 87, 1, I:::::22
27, 1, 0, 46062, 11, 135, 69, 0, D:://::6
38, 2, 10, 161085, 777, 381, 260, 0, D::NAME::0, D::NAME::35
26, 1, 0, 44281, 1, 130, 52, 0, S::NAME::from::0
36, 1, 26, 65315, 27, 180, 143, 8, I::,::24
23, 2, 1, 62391, 232, 231, 172, 0, D::**::11, D::**::13
21, 1, 3, 37773, 90, 105, 363, 85, I::)::16
23, 1, 0, 40279, 9, 115, 64, 0, D::NEWLINE::5
31, 2, 8, 101835, 644, 311, 576, 108, S::]::)::28, S::)::]::29
30, 2, 2082, 107347, 6765, 301, 2809, 5094, I::(::17, I::)::23
39, 1, 1, 75153, 57, 195, 436, 0, D::)::36
23, 2, 29, 66604, 4260, 231, 1528, 992, I::STRING::16, S::NAME::,::17
24, 1, 0, 40830, 3, 120, 66, 1, I::{::0
28, 3, 82, 169118, 18672, 449, 2443, 16769, I::)::13, I::NEWLINE::15, I::NEWLINE::20
24, 2, 0, 67335, 1, 241, 48, 0, S::)::}::10, S::)::}::22
33, 2, 4, 120202, 2861, 331, 1531, 0, D::NEWLINE::22, D::>>::23
27, 2, 2, 77204, 447, 271, 392, 0, D::NAME::0, D:::::2
36, 2, 0, 137755, 1, 361, 68, 0, D::,::7, D::,::23
29, 3, 2157, 592489, 94905, 465, 23085, 2295, I::,::7, D::+::26, S::NUMBER::)::27
33, 1, 0, 59431, 28, 165, 150, 0, D::STRING::25
32, 2, 48, 116961, 1950, 321, 1775, 1820, I::)::19, I::NEWLINE::23
28, 1, 0, 46930, 1, 140, 56, 0, S::[::]::15
29, 2, 120, 106895, 6173, 291, 3494, 405, I::[::0, D::NEWLINE::14
22, 1, 0, 39276, 49, 110, 251, 47, I::)::20
35, 2, 6, 133094, 4893, 351, 1577, 0, D::NUMBER::10, D::NUMBER::11
26, 2, 124, 78920, 4452, 261, 1375, 4409, I::)::13, I::)::23
30, 1, 0, 50458, 1, 150, 62, 0, I::{::6
26, 2, 3600, 76945, 2029, 261, 1077, 0, D::>>::0, D::>::1
23, 1, 0, 39417, 1, 115, 48, 0, I::}::22
21, 3, 2478, 631219, 111869, 337, 28567, 12, D::[::16, D::STRING::17, S::]::)::18
32, 2, 0, 111812, 19, 321, 98, 0, D::>>::0, D::>::1
39, 1, 0, 75451, 14, 195, 226, 1, D::}::31
39, 1, 1, 74393, 35, 195, 309, 0, D::)::35
29, 1, 0, 49340, 33, 145, 158, 0, D::NAME::0
22, 1, 1, 39628, 71, 110, 323, 67, I::)::19
23, 1, 37, 39810, 33, 115, 146, 1, S::NAME::import::0
25, 1, 0, 42724, 25, 125, 147, 24, I::)::24
25, 1, 0, 43137, 6, 125, 76, 0, D::)::5
28, 1, 0, 46934, 1, 140, 58, 0, I::}::27
26, 2, 0, 75659, 143, 261, 100, 0, D::**::0, D::**::24
32, 2, 2957, 116523, 6576, 321, 1844, 0, D::NAME::27, D::NAME::28
25, 1, 0, 42403, 11, 125, 67, 0, D::<::11
38, 2, 15, 163406, 3219, 381, 1767, 0, D::for::28, D:::::32
31, 3, 412, 227642, 27095, 497, 4779, 0, D:://::8, D::NAME::9, D::NAME::10
26, 2, 9, 75919, 999, 261, 1684, 0, D::)::22, D::)::23
36, 1, 10, 64176, 23, 180, 133, 1, D::STRING::11
38, 1, 0, 70353, 11, 190, 97, 0, D::**::36
27, 1, 0, 47283, 51, 135, 272, 44, I::)::25
29, 1, 15, 48860, 33, 145, 158, 1, S::NAME::import::0
22, 2, 0, 59882, 124, 221, 99, 1, D::/::18, D::>::20
27, 1, 581, 45719, 28, 135, 132, 0, D::NAME::0
41, 1, 0, 81433, 12, 205, 103, 5, I::STRING::20
33, 2, 234, 114237, 2618, 331, 1375, 0, D::/::30, D::>::31
26, 2, 131, 80035, 7778, 261, 2260, 6136, I::(::21, I::)::25
22, 1, 0, 38515, 19, 110, 96, 0, S:::::,::5
29, 1, 0, 49596, 1, 145, 60, 0, I::,::24
41, 1, 1, 82029, 21, 205, 166, 20, I::)::40
22, 3, 89, 113874, 31574, 353, 3622, 29337, I::)::9, I::NEWLINE::11, I::NEWLINE::19
26, 1, 0, 45068, 12, 130, 98, 10, I::)::25
25, 1, 0, 42266, 1, 125, 52, 0, I::,::12
24, 3, 146, 128414, 54658, 385, 3181, 0, D::NAME::18, D::NAME::19, D::...::22
29, 2, 19, 93545, 1473, 291, 1773, 1272, I::)::4, I::NEWLINE::5
28, 2, 40, 93365, 1856, 281, 2166, 1840, I::)::14, I::]::15
23, 1, 0, 39022, 22, 115, 202, 0, D::)::19
23, 3, 0, 102397, 8, 369, 57, 7, I::NAME::2, I::NAME::9, I::NAME::18
30, 2, 4, 96467, 68, 301, 334, 54, I::(::0, I::STRING::1
32, 1, 0, 58102, 36, 160, 207, 3, S::,:::::4
35, 3, 461, 320027, 49381, 561, 7859, 0, D::NAME::14, D::NAME::15, D::NAME::16
39, 1, 0, 74767, 1, 195, 80, 0, I::,::26
23, 1, 0, 40184, 8, 115, 120, 0, D::]::20
22, 1, 5, 37914, 25, 110, 135, 22, I::from::0
30, 1, 0, 50564, 11, 150, 81, 0, D::**::28
33, 2, 102, 123144, 5608, 331, 2334, 3947, I::(::15, I::)::32
39, 1, 0, 73674, 27, 195, 155, 6, S::NAME::NEWLINE::37
26, 2, 2, 73622, 158, 261, 142, 0, D::**::0, D::**::24
34, 2, 0, 120174, 1, 341, 68, 0, S::NAME::import::2, S::NAME::import::5
41, 2, 6, 194160, 1736, 411, 374, 1631, I::]::9, I::NEWLINE::22
36, 2, 0, 145302, 361, 361, 180, 0, S::.::,::3, S::.::,::15
37, 1, 0, 68506, 7, 185, 98, 5, I::}::29
37, 2, 171, 203547, 14681, 371, 6817, 6, D::NAME::9, D::(::10
30, 1, 0, 49844, 7, 150, 66, 1, S::>>::STRING::0
39, 2, 299, 264729, 13422, 391, 8403, 1, D::NAME::4, D::(::5
34, 1, 19, 58447, 74, 170, 414, 5, D::[::9
21, 2, 214, 56565, 3587, 211, 1135, 3393, I::,::5, I::,::7
28, 1, 0, 47196, 21, 140, 95, 1, D::,::19
34, 2, 3812, 124447, 2647, 341, 1374, 274, S::[::{::2, S::]::}::32
39, 1, 3, 75651, 29, 195, 290, 28, I::]::38
41, 1, 1, 80316, 15, 205, 169, 0, D::)::34
36, 1, 1, 63834, 34, 180, 225, 0, D::]::13
21, 1, 0, 36571, 4, 105, 91, 1, I::}::19
33, 2, 7958, 118324, 2466, 331, 1426, 0, D::/::13, D::NEWLINE::14
29, 1, 4, 48085, 65, 145, 295, 60, I::)::22
31, 1, 0, 53283, 20, 155, 198, 19, I::]::30
33, 1, 0, 58861, 14, 165, 155, 0, D::)::25
29, 3, 78, 186851, 37322, 465, 3592, 0, D::NAME::0, D::NAME::1, D:::::5
25, 3, 0, 129188, 670, 401, 84, 133, S::with::NAME::13, S::with::NAME::15, S::with::NAME::22
31, 2, 5, 106034, 2169, 311, 1116, 0, D::%::4, D::>::5
24, 2, 89, 73448, 6458, 241, 1873, 0, D::NAME::16, D::[::17
24, 2, 1, 66249, 143, 241, 104, 0, D::**::0, D::**::22
24, 1, 6, 42957, 44, 120, 172, 0, D::NAME::9
24, 1, 0, 40600, 28, 120, 135, 0, D::NAME::21
29, 1, 0, 49700, 7, 145, 148, 1, I::}::26
33, 3, 0, 243919, 1, 529, 72, 0, I::,::10, I::,::20, I::,::26
36, 3, 37, 304179, 14396, 577, 636, 14394, I::)::24, I::)::25, I::)::35
28, 3, 0, 159629, 1, 449, 62, 0, I::,::6, I::,::13, I::,::17
40, 1, 1, 80025, 30, 200, 302, 2, D::]::26
23, 1, 0, 38655, 33, 115, 142, 0, D::NAME::20
41, 2, 8223, 196903, 5681, 411, 2565, 4299, I::(::20, I::)::40
26, 1, 9, 43363, 25, 130, 128, 7, I::,::18
32, 1, 0, 54475, 68, 160, 302, 0, D::)::27
28, 2, 13, 88848, 7483, 281, 2269, 7227, I::)::27, I::NEWLINE::28
34, 1, 0, 60101, 1, 170, 68, 0, S::;:::::13
37, 3, 401, 342872, 27274, 593, 4358, 26245, I::)::11, I::NEWLINE::13, I::NEWLINE::28
25, 1, 0, 40884, 8, 125, 62, 1, S::class::NAME::14
33, 1, 0, 56321, 4, 165, 78, 0, D:::::31
32, 2, 20, 116882, 3120, 321, 2087, 3011, I::)::17, I::NEWLINE::19
27, 1, 0, 44771, 17, 135, 122, 16, I::]::26
33, 1, 1, 56286, 29, 165, 152, 0, D::NAME::25
30, 1, 0, 51820, 31, 150, 257, 0, D::)::19
24, 3, 211, 176692, 18329, 385, 7631, 13510, I::(::20, I::)::21, S::if::]::24
29, 2, 0, 90304, 156, 291, 102, 0, D::>::0, D::>::17
25, 2, 113, 73799, 7950, 251, 2173, 6457, I::(::10, I::)::14
22, 1, 0, 38730, 28, 110, 152, 0, D::(::4
29, 1, 10, 48175, 29, 145, 140, 0, D::STRING::17
28, 1, 0, 47021, 38, 140, 152, 20, I::,::10
32, 1, 0, 56721, 1, 160, 66, 0, I::}::31
41, 2, 2, 182135, 122, 411, 142, 3, D::=::12, D::=::26
24, 1, 0, 40640, 1, 120, 48, 0, S::as::for::4
33, 3, 1480, 473825, 70299, 529, 16295, 1244, D::[::14, I::)::27, S::]::NEWLINE::28
41, 2, 19639, 198015, 7109, 411, 3138, 5398, I::(::28, I::)::34
40, 2, 2, 176582, 692, 401, 396, 644, I::NAME::6, I::NAME::23
33, 1, 1, 56327, 25, 165, 152, 0, D::NAME::31
33, 2, 558, 120595, 4773, 331, 2204, 0, D::NAME::29, D::NAME::30
41, 1, 1, 81762, 18, 205, 304, 8, I::}::39
28, 1, 0, 46532, 16, 140, 170, 0, D::]::22
41, 1, 0, 82288, 11, 205, 103, 0, D::*::39
37, 1, 0, 66831, 40, 185, 174, 22, I::+::32
25, 1, 0, 41439, 14, 125, 168, 8, I::}::23
40, 2, 2, 184203, 727, 401, 384, 664, I::)::9, I::NEWLINE::16
32, 1, 1, 53313, 15, 160, 98, 0, D:://::17
27, 1, 1, 45601, 54, 135, 298, 50, I::]::25
21, 1, 0, 36984, 14, 105, 76, 0, D::>>::0
33, 1, 0, 56067, 7, 165, 72, 0, S::class::NAME::16
25, 2, 1, 69258, 290, 251, 214, 0, D::**::13, D::**::17
29, 2, 22, 96328, 1282, 291, 1802, 1117, I::)::11, I::NEWLINE::12
21, 2, 119, 60528, 4519, 211, 2369, 26, D::NAME::7, S::.::=::9
22, 2, 0, 58742, 1, 221, 48, 0, I::,::9, I::,::13
37, 3, 157, 347538, 18620, 593, 4371, 16173, I::)::25, I::NEWLINE::27, I::NEWLINE::33
29, 1, 0, 47898, 1, 145, 60, 0, I::}::28
35, 3, 21870, 315141, 34580, 561, 6817, 0, D::NAME::30, D::NAME::31, D::NAME::32
22, 1, 0, 37966, 35, 110, 207, 28, I::)::14
21, 3, 34, 106392, 26801, 337, 2960, 26601, I::)::9, I::NEWLINE::11, I::)::21
41, 2, 223, 194912, 11937, 411, 2695, 9690, I::(::28, I::)::38
23, 2, 613, 65951, 4021, 231, 1623, 0, D::NAME::3, D::NAME::4
21, 1, 0, 37318, 8, 105, 115, 6, I::[::2
28, 1, 2, 46977, 77, 140, 382, 69, I::)::25
28, 2, 48, 89832, 4426, 281, 2188, 3320, I::(::21, I::)::27
31, 3, 204, 228006, 19478, 497, 4252, 18217, I::]::15, I::NEWLINE::17, I::NEWLINE::25
33, 1, 0, 57634, 23, 165, 125, 1, D::NAME::4
26, 2, 17, 76659, 2009, 261, 1478, 1874, I::)::5, I::NEWLINE::10
40, 2, 274, 176033, 2627, 401, 1420, 304, S::[::{::2, S::]::}::38
35, 1, 0, 62094, 1, 175, 72, 0, I::}::34
28, 1, 0, 46001, 5, 140, 73, 0, D::.::26
30, 1, 1, 48547, 46, 150, 185, 25, I::.::6
25, 2, 28, 74587, 2600, 251, 1763, 2491, I::)::20, I::NEWLINE::21
38, 2, 22, 164048, 1974, 381, 1982, 84, D::(::11, I::NEWLINE::26
25, 1, 0, 42581, 1, 125, 52, 0, I::{::3
25, 1, 0, 42540, 3, 125, 61, 1, D::.::20
21, 1, 0, 37676, 48, 105, 231, 44, I::]::18
35, 1, 2, 62639, 62, 175, 389, 47, I::]::25
25, 1, 1, 41662, 34, 125, 155, 3, S::else::in::21
25, 2, 0, 70988, 49, 251, 62, 0, S::in::NAME::5, S::in::NAME::15
26, 2, 1, 73523, 752, 261, 230, 0, D::NAME::6, D::NAME::19
28, 1, 0, 48179, 45, 140, 219, 41, I::)::18
33, 2, 7967, 117610, 4478, 331, 1795, 340, D::,::16, S::=::==::18
28, 2, 0, 84805, 1, 281, 60, 0, I::,::7, I::,::21
31, 1, 0, 52372, 7, 155, 95, 0, D::]::12
33, 1, 0, 56614, 27, 165, 202, 25, I::)::32
21, 1, 0, 36656, 33, 105, 140, 0, D::NAME::10
24, 1, 0, 42510, 1, 120, 50, 0, I::,::18
31, 1, 0, 52866, 24, 155, 147, 7, I::,::28
24, 1, 0, 41415, 7, 120, 80, 0, D::NAME::1
39, 1, 0, 75976, 11, 195, 155, 7, I::(::28
22, 1, 1, 38798, 112, 110, 456, 107, I::)::19
22, 1, 0, 37992, 20, 110, 101, 14, I::<::9
28, 2, 4252, 90382, 4648, 281, 2257, 0, D::NAME::0, D::NAME::1
23, 1, 0, 39214, 47, 115, 239, 44, I::)::21
28, 1, 0, 47712, 2, 140, 77, 1, S::)::]::12
33, 1, 2, 56874, 29, 165, 234, 23, I::(::19
31, 2, 17, 112846, 5718, 311, 2108, 0, D::NUMBER::7, D::NUMBER::8
28, 2, 12, 92018, 1345, 281, 1505, 1205, I::)::21, I::NEWLINE::23
22, 1, 0, 39116, 10, 110, 95, 0, D::]::18
29, 1, 0, 48304, 29, 145, 145, 9, I::NEWLINE::15
25, 1, 0, 42116, 23, 125, 111, 5, I::,::12
29, 1, 1, 49073, 48, 145, 255, 44, I::)::27
21, 2, 71, 58469, 3971, 211, 2066, 2903, I::(::14, I::)::20
37, 1, 0, 68595, 1, 185, 76, 0, I::}::36
37, 1, 2, 67275, 27, 185, 173, 24, I::)::34
32, 2, 20, 116232, 1886, 321, 2034, 1721, I::)::18, I::NEWLINE::20
27, 1, 0, 44610, 1, 135, 56, 0, I::}::26
36, 1, 0, 65214, 11, 180, 97, 0, D::*::34
39, 1, 0, 73702, 29, 195, 158, 8, I::=::27
21, 1, 0, 37556, 1, 105, 44, 0, I::,::15
24, 1, 1, 40737, 73, 120, 354, 64, I::)::22
32, 1, 9, 54904, 26, 160, 130, 8, I::,::7
32, 1, 0, 56512, 19, 160, 173, 1, D::)::29
31, 1, 3, 55706, 17, 155, 161, 11, I::]::30
39, 1, 0, 74628, 12, 195, 136, 8, I::]::38
31, 2, 3, 101541, 235, 311, 640, 139, S::[::{::2, I::}::30
32, 1, 1, 54316, 22, 160, 170, 21, I::)::31
35, 1, 0, 64427, 10, 175, 122, 8, S::NEWLINE:::::22
32, 1, 0, 55340, 21, 160, 142, 19, I::)::30
29, 2, 1, 92387, 573, 291, 264, 0, D::NUMBER::12, D::NUMBER::15
38, 2, 5, 158618, 335, 381, 328, 334, I::lambda::5, S::NAME::,::7
33, 3, 200, 263384, 37705, 529, 5721, 0, D::NAME::9, D::with::10, D::NAME::11
27, 1, 0, 46501, 1, 135, 56, 0, I::}::26
27, 1, 0, 46044, 25, 135, 164, 24, I::]::15
34, 1, 0, 56815, 1, 170, 68, 0, S::NAME::import::3
28, 1, 0, 46957, 14, 140, 176, 0, D::)::24
36, 1, 0, 66466, 1, 180, 74, 0, I::,::15
28, 3, 3, 169946, 1459, 449, 135, 0, D::<::0, D::<::23, D::>::26
21, 1, 0, 36887, 10, 105, 106, 6, I::]::15
25, 2, 122, 73590, 5066, 251, 2100, 3637, I::(::1, I::)::23
29, 1, 1, 48098, 10, 145, 86, 0, D::[::22
29, 2, 408, 95302, 7921, 291, 2152, 14, D::NEWLINE::25, S::NAME::=::26
22, 2, 947, 63235, 3551, 221, 2031, 2607, I::(::15, I::)::21
37, 1, 0, 67838, 13, 185, 145, 0, D::)::9
25, 2, 1, 69549, 234, 251, 112, 0, D::**::0, D::**::22
22, 2, 78, 64550, 6121, 221, 2274, 5055, I::(::13, I::)::21
31, 1, 0, 53079, 10, 155, 95, 0, D::[::15
22, 1, 0, 38857, 35, 110, 166, 1, S::else::in::18
33, 3, 0, 232835, 1, 529, 72, 0, I::,::10, I::,::18, I::,::26
39, 1, 0, 74406, 58, 195, 293, 53, I::)::36
32, 1, 0, 55140, 7, 160, 70, 0, S::class::NAME::16
33, 2, 72, 140751, 7909, 331, 4233, 4695, I::NAME::31, S::STRING::)::32
39, 2, 11, 172321, 916, 391, 1576, 0, D::(::6, D::)::7
30, 2, 0, 97812, 487, 301, 237, 0, D::NUMBER::3, D::NUMBER::8
21, 2, 19489, 55215, 556, 211, 1063, 553, I::=::10, I::lambda::11
26, 1, 0, 44162, 4, 130, 59, 0, D::return::9
21, 2, 2, 55663, 361, 211, 162, 357, I::]::8, I::]::17
23, 1, 0, 38765, 19, 115, 108, 18, S::,:::::9
36, 2, 0, 142983, 387, 361, 206, 76, I::{::3, D::NEWLINE::34
32, 1, 0, 55846, 23, 160, 141, 2, I::=::19
32, 1, 1, 54769, 4, 160, 70, 0, D::return::13
28, 2, 27, 88417, 3605, 281, 1481, 232, S::[::{::5, S::]::}::21
36, 3, 221, 325099, 20435, 577, 4031, 18221, I::)::15, I::NEWLINE::24, I::NEWLINE::31
23, 3, 41, 114433, 20579, 369, 2074, 0, D::**::0, D:::::4, D::**::5
21, 1, 0, 37205, 1, 105, 44, 0, I::}::20
30, 2, 80, 97638, 5585, 301, 1799, 0, D::...::27, D::...::28
40, 1, 0, 78630, 3, 200, 95, 2, I:::::11
32, 1, 0, 55128, 9, 160, 78, 0, D::>::7
22, 1, 0, 38510, 21, 110, 187, 1, D::)::8
29, 2, 30, 97290, 6713, 291, 2452, 6701, I::[::13, I::]::28
21, 3, 159, 96887, 5101, 337, 450, 1, D::NAME::0, D::NEWLINE::3, D::{::19
30, 1, 1, 49892, 29, 150, 214, 0, D::[::2
23, 2, 3, 59817, 261, 231, 338, 0, D::NAME::19, D::.::21
30, 2, 7, 95407, 208, 301, 161, 0, D::**::14, D::**::28
35, 2, 0, 132041, 1, 351, 70, 0, S::=:::::9, S::=:::::23
27, 1, 1, 46427, 4, 135, 60, 0, D::return::9
26, 2, 0, 74366, 1, 261, 56, 0, I::,::10, I::,::18
29, 1, 0, 49759, 63, 145, 294, 59, I::)::22
27, 1, 2, 48000, 23, 135, 195, 20, I::(::18
28, 2, 50, 88420, 4663, 281, 1774, 3059, I::[::3, I::]::27
29, 1, 0, 48933, 16, 145, 170, 1, S::<::(::21
23, 2, 781, 62107, 493, 231, 445, 1, D::(::3, D::)::9
27, 2, 28498, 83523, 5841, 271, 1676, 4212, I::(::19, I::)::27
34, 1, 1, 58439, 29, 170, 150, 8, I::=::5
27, 1, 0, 47529, 15, 135, 175, 0, D::)::24
23, 2, 11, 63399, 820, 231, 1243, 792, I::]::21, I::NEWLINE::22
24, 1, 0, 41550, 9, 120, 91, 1, S::.::import::6
24, 1, 0, 40494, 45, 120, 224, 40, I::)::13
27, 2, 129, 86717, 9140, 271, 2139, 7767, I::(::1, I::)::24
21, 1, 0, 36801, 7, 105, 48, 1, S::pass::NAME::17
29, 1, 15, 48717, 32, 145, 158, 1, S::NAME::import::0
22, 2, 10321, 59498, 1610, 221, 855, 0, D::>>::0, D::>::1
23, 2, 34, 67663, 5432, 231, 2235, 4050, I::(::10, I::)::22
40, 1, 2, 78910, 82, 200, 451, 68, I::)::39
21, 1, 0, 37512, 27, 105, 211, 2, D::)::18
26, 1, 0, 43659, 22, 130, 131, 20, I::]::20
37, 2, 5686, 158307, 7240, 371, 2329, 1867, I::(::34, S::NEWLINE::)::36
41, 1, 0, 80577, 1, 205, 84, 0, I::}::40
41, 1, 0, 82086, 23, 205, 143, 0, D::NUMBER::30
37, 2, 1, 149238, 177, 371, 182, 7, D::[::24, I::NEWLINE::28
21, 2, 8, 56173, 1040, 211, 956, 1003, I::)::18, I::NEWLINE::20
34, 1, 0, 59489, 7, 170, 189, 4, I::}::33
40, 2, 180, 194531, 5401, 401, 3366, 607, D::)::31, I::)::37
34, 2, 0, 121993, 1, 341, 72, 0, I::,::10, I::,::22
27, 1, 4, 45799, 34, 135, 145, 0, D::NAME::0
37, 1, 0, 67590, 17, 185, 119, 0, I::,::18
38, 2, 1076, 155752, 543, 381, 236, 267, I::,::5, I::,::10
33, 1, 381, 56824, 47, 165, 254, 0, D::NAME::0
33, 1, 1, 55894, 42, 165, 263, 0, D::(::5
39, 1, 2233, 74985, 28, 195, 156, 0, D::NAME::0
34, 1, 2, 61698, 61, 170, 435, 51, I::]::32
41, 1, 0, 83437, 18, 205, 130, 1, I::,::36
27, 1, 0, 44839, 13, 135, 76, 1, D::=::23
31, 2, 792, 108983, 11534, 311, 2473, 9515, I::(::26, I::)::30
29, 1, 0, 50531, 4, 145, 63, 0, D::return::15
25, 2, 3197, 73159, 4908, 251, 1610, 1181, I::STRING::12, S::NAME::,::13
22, 2, 55, 61180, 4293, 221, 1673, 3550, I::(::1, I::)::21
27, 1, 0, 44636, 35, 135, 176, 30, I::)::25
25, 1, 0, 42155, 18, 125, 174, 0, D::)::22
30, 2, 13, 100223, 1379, 301, 1475, 47, D::(::5, I::NEWLINE::9
23, 1, 1, 39158, 40, 115, 244, 1, D::)::20
23, 2, 44, 63890, 4652, 231, 1802, 3502, I::(::11, I::)::22
30, 1, 0, 53809, 68, 150, 310, 65, I::)::29
37, 2, 19, 152236, 6538, 371, 1977, 4870, I::(::25, I::)::37
28, 1, 0, 46210, 8, 140, 68, 1, I::NAME::2
33, 1, 65, 57050, 47, 165, 248, 0, D::NAME::0
24, 2, 10, 66626, 1807, 241, 883, 1513, I::{::3, I::}::18
25, 2, 50, 71563, 2665, 251, 1258, 2114, I::(::15, I::)::16
25, 1, 1, 42731, 72, 125, 335, 66, I::)::19
33, 2, 3, 116706, 116, 331, 407, 108, I::)::32, I::)::33
31, 2, 6, 101805, 2568, 311, 1417, 0, D::NEWLINE::11, D::>>::12
28, 1, 0, 46823, 18, 140, 108, 0, S::,::.::22
27, 1, 8, 46156, 26, 135, 124, 9, I::=::24
29, 1, 1, 48457, 55, 145, 333, 54, I::)::19
36, 1, 2, 65211, 41, 180, 361, 25, I::)::35
31, 1, 0, 53907, 1, 155, 64, 0, I::]::30
25, 1, 0, 41275, 1, 125, 48, 0, D:::::4
24, 1, 0, 43131, 37, 120, 146, 20, I::,::13
21, 3, 16282, 121020, 67555, 337, 4868, 36491, I::)::9, S::;::NEWLINE::10, S::;::)::20
27, 1, 0, 46027, 45, 135, 205, 44, I::)::25
21, 1, 0, 37557, 1, 105, 42, 0, S::)::}::6
28, 1, 0, 45993, 14, 140, 136, 0, D::)::5
32, 2, 44, 118105, 6960, 321, 2056, 5259, I::(::9, I::)::32
22, 1, 0, 38952, 45, 110, 231, 35, I::)::21
26, 1, 0, 43142, 25, 130, 113, 0, S:::::,::21
32, 1, 0, 54916, 1, 160, 64, 0, S::,:::::4
41, 1, 0, 82864, 5, 205, 168, 1, I::}::23
39, 2, 23, 171039, 757, 391, 1483, 669, I::]::22, I::NEWLINE::23
35, 2, 13, 137436, 2389, 351, 1933, 1341, I::NAME::5, S::import::NEWLINE::6
22, 1, 1, 39383, 46, 110, 222, 43, I::)::20
31, 3, 0, 209816, 2, 497, 84, 1, I::,::11, I::,::16, I::,::27
40, 1, 0, 79738, 20, 200, 154, 0, D::)::33
26, 2, 3, 74243, 419, 261, 1010, 0, D::.::12, D::.::13
22, 1, 0, 37407, 13, 110, 119, 8, I::]::21
24, 1, 0, 40218, 17, 120, 91, 2, S::=::==::20
27, 1, 0, 45440, 33, 135, 154, 0, D::NAME::0
26, 2, 15, 77079, 2415, 261, 1856, 2305, I::)::16, I::NEWLINE::18
34, 1, 0, 59500, 3, 170, 76, 2, I::[::25
21, 2, 4, 56609, 340, 211, 917, 267, I::]::16, I::NEWLINE::17
31, 1, 0, 53505, 47, 155, 231, 44, I::)::29
23, 1, 0, 40540, 50, 115, 178, 28, I::.::16
28, 1, 0, 47814, 39, 140, 299, 38, I::(::0
24, 1, 0, 40580, 1, 120, 50, 0, I::,::18
34, 1, 0, 59370, 18, 170, 116, 0, S::STRING::)::31
34, 1, 0, 58819, 33, 170, 164, 0, D::NAME::31
22, 1, 0, 38407, 10, 110, 67, 3, I::NAME::13
36, 1, 0, 64705, 1, 180, 74, 0, I::}::33
37, 2, 0, 148341, 1, 371, 74, 0, S::=:::::6, S::=:::::21
25, 1, 0, 41902, 9, 125, 133, 0, D::]::20
23, 1, 0, 39553, 50, 115, 178, 0, D::NAME::17
33, 2, 196, 119340, 8519, 331, 2351, 7195, I::(::26, I::)::32
32, 2, 4, 108364, 322, 321, 325, 32, I::,::12, I::,::22
30, 1, 0, 49574, 15, 150, 203, 9, I::}::28
33, 2, 0, 114346, 1, 331, 66, 0, S::...::}::30, S::.::}::31
38, 1, 0, 72404, 18, 190, 125, 0, S::.::,::9
27, 1, 0, 47910, 5, 135, 72, 0, D::.::25
26, 2, 222, 81233, 4776, 261, 2163, 0, D::NAME::22, D::NAME::23
26, 2, 0, 74621, 12, 261, 71, 0, D::>>::0, D::>>::6
21, 2, 22, 55959, 1721, 211, 850, 1072, I::[::20, I::]::21
34, 2, 5227, 128541, 6335, 341, 2565, 4972, I::(::27, I::)::33
30, 2, 10, 95844, 139, 301, 239, 0, D::,::5, D::,::18
32, 3, 2382, 231663, 3732, 513, 2152, 77, D:::::10, D::NAME::20, S::/::STRING::21
31, 1, 0, 52581, 3, 155, 112, 1, I::}::27
37, 1, 0, 67340, 12, 185, 93, 0, D::%::29
23, 1, 1, 39190, 70, 115, 317, 63, I::)::22
35, 2, 34, 131238, 399, 351, 182, 36, S:::::=::11, S:::::=::20
32, 1, 0, 57091, 8, 160, 147, 0, D::]::28
33, 1, 0, 56632, 1, 165, 68, 0, I::]::31
27, 2, 0, 79367, 24, 271, 141, 3, I::}::12, I::NEWLINE::17
41, 1, 0, 82138, 11, 205, 106, 0, D:::::39
23, 3, 37, 125504, 18009, 369, 3258, 10, S::>::==::7, D::]::9, D::]::19
30, 2, 166, 106865, 6585, 301, 2445, 5371, I::(::23, I::)::29
22, 1, 0, 38504, 74, 110, 364, 69, I::)::21
29, 2, 11, 89118, 1326, 291, 290, 0, D::NAME::16, D::NAME::19
21, 1, 0, 38494, 1, 105, 44, 0, I::,::13
33, 1, 0, 56650, 6, 165, 93, 5, I::(::3
36, 1, 0, 67017, 1, 180, 72, 0, S::=:::::28
30, 2, 1, 98823, 330, 301, 226, 0, S::(::{::3, S::)::}::27
33, 1, 0, 57603, 12, 165, 174, 10, I::}::32
28, 1, 0, 46735, 18, 140, 155, 0, D::(::0
29, 1, 0, 47690, 7, 145, 64, 0, S::return::NAME::25
31, 2, 13, 103894, 1610, 311, 1507, 1475, I::)::13, I::NEWLINE::16
25, 1, 0, 42941, 1, 125, 52, 0, I::,::20
27, 2, 4, 78373, 143, 271, 96, 0, D::>::0, D::>::15
24, 2, 5, 66598, 257, 241, 816, 58, I::}::22, S::,::)::23
26, 1, 4, 43424, 25, 130, 232, 17, I::(::17
31, 2, 44, 115495, 8275, 311, 3442, 0, D::NAME::20, D::(::21
23, 1, 0, 40521, 9, 115, 82, 8, I::]::20
32, 2, 1, 108779, 231, 321, 181, 190, I::]::10, I::NEWLINE::12
28, 2, 0, 83781, 1, 281, 60, 0, I::,::15, I::,::22
22, 2, 23, 63570, 3773, 221, 1888, 3670, I::else::16, I::NAME::17
22, 1, 0, 38361, 15, 110, 61, 0, D::,::1
28, 1, 1, 47493, 13, 140, 158, 0, D::]::16
24, 2, 3, 67841, 1752, 241, 886, 0, D::NEWLINE::7, D::or::8
29, 1, 0, 47981, 2, 145, 74, 0, I::]::28
33, 1, 1, 62440, 23, 165, 133, 6, I::,::30
35, 1, 0, 61840, 5, 175, 85, 0, D::.::33
33, 1, 0, 57627, 5, 165, 85, 0, D::.::31
21, 1, 0, 36707, 32, 105, 134, 0, D::NUMBER::1
22, 1, 0, 38469, 19, 110, 168, 0, D::)::17
28, 1, 0, 46786, 3, 140, 77, 2, I::[::0
31, 1, 0, 56366, 12, 155, 153, 7, I::(::13
21, 2, 1045, 58191, 1015, 211, 1051, 664, I::(::14, S::if::)::15
25, 1, 0, 41970, 22, 125, 100, 2, S::in::NAME::16
23, 1, 0, 40501, 23, 115, 108, 5, I::,::14
29, 1, 0, 49685, 6, 145, 70, 0, D::(::3
35, 2, 15, 136653, 6367, 351, 1912, 0, D::NAME::29, D::[::30
40, 2, 45, 184674, 1823, 401, 2227, 1643, I::)::28, I::NEWLINE::34
34, 1, 0, 57976, 42, 170, 276, 38, I::)::32
23, 1, 16, 39630, 25, 115, 249, 15, I::]::22
39, 2, 2991, 170756, 688, 391, 590, 438, I::]::32, I::NEWLINE::34
21, 1, 0, 37307, 11, 105, 64, 0, D::**::14
32, 2, 1, 110706, 364, 321, 169, 0, D::**::6, D::**::15
39, 1, 0, 73328, 10, 195, 121, 8, I::}::37
35, 2, 0, 134621, 1, 351, 74, 0, I::,::12, I::,::17
25, 1, 0, 42064, 10, 125, 70, 0, D::>::23
26, 1, 0, 44986, 13, 130, 159, 0, D::)::15
33, 1, 0, 58137, 2, 165, 74, 1, I::(::3
33, 1, 0, 56613, 11, 165, 108, 9, I::)::31
21, 1, 0, 37730, 18, 105, 94, 7, S::NAME::if::17
27, 1, 0, 45618, 49, 135, 287, 48, I::]::25
37, 3, 898, 638799, 51183, 593, 18822, 49532, I::)::14, I::NEWLINE::15, I::NEWLINE::38
23, 1, 0, 38892, 32, 115, 206, 0, D::)::18
32, 1, 1, 57306, 28, 160, 153, 0, D::NAME::7
36, 1, 0, 64949, 2, 180, 79, 0, D::.::10
32, 3, 4, 231289, 1571, 513, 222, 0, D::**::9, D::NAME::16, S::-::NAME::20
30, 2, 1, 96021, 529, 301, 242, 1, D::(::9, S::NAME::(::11
29, 3, 235, 202701, 39634, 465, 7071, 0, D::NAME::12, D::NAME::13, D::NAME::14
22, 2, 931, 61922, 5448, 221, 2193, 4042, I::(::15, I::)::21
40, 2, 0, 177999, 2, 401, 81, 0, D::class::4, D::-::5
30, 2, 8, 97804, 3398, 301, 1403, 2, D::(::1, D::)::3
25, 1, 0, 41279, 7, 125, 129, 1, I::}::23
40, 1, 0, 77226, 33, 200, 330, 21, I::[::6
37, 2, 9, 156311, 2330, 371, 1588, 1758, I::(::0, I::)::9
32, 1, 0, 53607, 2, 160, 69, 1, I:::::16
23, 1, 0, 40056, 17, 115, 91, 0, I::,::12
37, 1, 0, 67206, 2, 185, 83, 0, S::}::]::18
36, 2, 28766, 144068, 4081, 361, 1711, 2448, I::(::4, I::)::36
35, 1, 4, 61969, 29, 175, 156, 0, D::NAME::28
27, 1, 0, 44530, 11, 135, 132, 8, I::]::24
37, 1, 2, 68401, 30, 185, 164, 9, I::=::33
35, 2, 4, 132151, 390, 351, 507, 379, I::[::23, I::]::33
26, 1, 295, 45144, 26, 130, 118, 1, D::NAME::9
37, 3, 50, 338376, 29601, 593, 3517, 2, D::NEWLINE::16, D:://::17, D::or::18
30, 2, 0, 96378, 1, 301, 60, 0, S::=:::::11, S::=:::::25
32, 2, 0, 106476, 16, 321, 105, 0, D::NEWLINE::2, I::,::19
27, 3, 8, 147677, 72, 433, 87, 0, D::>>::0, D::>>::6, D::>>::13
26, 2, 0, 73157, 1, 261, 56, 0, I::,::6, I::,::22
31, 3, 1130, 223440, 6285, 497, 2613, 0, D:::::7, D::NUMBER::9, D::NUMBER::10
25, 3, 3, 126674, 120, 401, 117, 0, D::.::4, D::.::11, D::.::23
23, 2, 138, 63309, 4804, 231, 1730, 129, D::NAME::0, S::=::==::2
21, 2, 3, 54724, 140, 211, 107, 0, D::<::6, D::>::8
21, 3, 328, 100040, 13040, 337, 2387, 57, D::[::2, I::NEWLINE::10, D::[::13
23, 2, 16, 68633, 5041, 231, 2119, 0, D::else::18, D::STRING::19
40, 1, 0, 77561, 10, 200, 111, 0, D::[::24
38, 1, 0, 74236, 23, 190, 169, 22, I::)::37
32, 2, 3985, 109803, 2585, 321, 1352, 507, S::[::{::2, S::]::}::18
37, 2, 26, 164428, 1745, 371, 2868, 2, D::)::33, D::)::34
38, 2, 66, 164822, 4337, 381, 1841, 0, D::NUMBER::23, D::NUMBER::24
32, 2, 0, 109895, 361, 321, 188, 72, S::,:::::17, S::,:::::27
33, 1, 0, 56364, 5, 165, 85, 0, D::.::31
24, 1, 0, 41240, 35, 120, 171, 1, S::else::in::20
33, 1, 0, 56889, 24, 165, 159, 23, I::)::32
21, 1, 0, 37435, 17, 105, 86, 1, S::=::==::14
25, 1, 0, 42144, 18, 125, 97, 17, I::)::22
24, 1, 0, 41441, 63, 120, 292, 59, I::)::8
35, 1, 0, 64294, 21, 175, 117, 0, D::>::0
27, 1, 0, 46017, 2, 135, 74, 0, I::}::25
27, 2, 1088, 86145, 5218, 271, 2609, 3984, I::(::17, I::)::27
27, 1, 0, 44786, 10, 135, 158, 0, D::]::24
29, 1, 1, 49847, 74, 145, 371, 72, I::]::27
21, 2, 0, 55254, 182, 211, 181, 6, S::in::NAME::13, S::NAME::in::14
32, 1, 0, 55311, 18, 160, 116, 2, S::NAME::if::16
27, 1, 217, 45096, 50, 135, 256, 41, I::)::25
23, 3, 114, 112305, 13117, 369, 1911, 1, S::NEWLINE:::::7, D::NEWLINE::18, D::>>::19
29, 1, 1, 49662, 26, 145, 150, 0, D::NAME::27
22, 2, 13403, 62232, 1376, 221, 831, 0, D::>>::0, D::>::1
29, 1, 0, 49287, 5, 145, 77, 0, D::.::27
33, 1, 0, 56871, 29, 165, 157, 0, D::NAME::0
23, 1, 0, 41279, 17, 115, 91, 0, I::,::12
21, 1, 0, 37536, 22, 105, 98, 0, D::NUMBER::13
39, 2, 0, 168065, 1, 391, 78, 0, S::NAME::lambda::7, S::NAME::lambda::27
34, 2, 0, 121371, 1, 341, 72, 0, I::,::11, I::,::20
30, 2, 19, 97419, 1381, 301, 1658, 1212, I::)::22, I::NEWLINE::25
26, 1, 0, 44243, 15, 130, 123, 14, I::}::12
25, 1, 0, 42232, 11, 125, 135, 8, I::}::23
28, 2, 265, 86661, 215, 281, 593, 0, D::{::0, D::{::14
28, 1, 0, 46367, 22, 140, 149, 19, I::)::26
27, 2, 2, 82183, 220, 271, 156, 36, S::STRING::]::12, I::NEWLINE::18
22, 2, 32, 64686, 6433, 221, 2168, 5406, I::(::1, I::)::22
22, 1, 0, 38815, 47, 110, 242, 41, I::)::12
32, 1, 0, 56344, 28, 160, 177, 25, I::)::30
39, 1, 0, 74585, 8, 195, 129, 6, S::NEWLINE:::::10
28, 1, 0, 47516, 29, 140, 143, 12, I:::::15
29, 1, 0, 48061, 5, 145, 78, 0, D::.::27
39, 1, 0, 73528, 1, 195, 78, 0, S::NAME::if::15
27, 1, 0, 44727, 49, 135, 239, 45, I::)::25
35, 2, 9, 133738, 215, 351, 214, 0, D::**::4, D::**::11
31, 1, 2, 52906, 22, 155, 132, 21, I::)::30
31, 1, 0, 50778, 1, 155, 64, 0, I::}::29
21, 1, 0, 38422, 3, 105, 67, 2, I::}::20
22, 2, 81, 62239, 6428, 221, 1942, 4879, I::(::1, I::)::19
33, 1, 0, 57312, 1, 165, 68, 0, I::}::32
41, 2, 2, 186264, 154, 411, 131, 0, D::**::0, D::**::39
25, 1, 0, 40869, 49, 125, 247, 45, I::)::23
38, 2, 0, 156104, 1, 381, 80, 0, I::,::14, I::,::26
31, 1, 0, 54067, 4, 155, 88, 3, I::)::30
32, 3, 400, 296939, 48786, 513, 7654, 0, D::NAME::20, D::[::21, D::]::29
27, 2, 2084, 83033, 7164, 271, 2569, 5597, I::(::19, I::)::27
27, 1, 0, 44525, 49, 135, 287, 42, I::]::25
23, 2, 16992, 61680, 543, 231, 206, 270, I::,::5, I::,::10
28, 1, 0, 46473, 26, 140, 133, 24, I::]::12
25, 1, 0, 43882, 8, 125, 65, 0, D::and::14
38, 1, 0, 69066, 18, 190, 124, 17, I::)::35
24, 1, 0, 41135, 27, 120, 259, 16, I::]::23
37, 1, 1, 68357, 8, 185, 120, 0, D::{::28
33, 2, 84, 123322, 5504, 331, 2550, 4305, I::(::8, I::)::16
39, 1, 0, 73984, 42, 195, 294, 33, I::]::37
26, 2, 0, 73755, 125, 261, 208, 0, D::NUMBER::18, D:::::19
33, 2, 2, 114942, 143, 331, 116, 0, D::**::0, D::**::31
25, 2, 4, 68151, 981, 251, 279, 904, I::)::15, I::NEWLINE::17
37, 2, 3, 144284, 893, 371, 284, 830, I::)::20, I::NEWLINE::31
23, 1, 0, 39626, 1, 115, 44, 0, D:::::5
23, 1, 1, 40127, 52, 115, 267, 46, I::)::21
35, 3, 28961, 274953, 2118, 561, 1285, 0, D::as::28, D::.::29, S::is::NAME::30
25, 2, 2386, 68872, 531, 251, 354, 35, S::NAME::.::14, S::.::NAME::15
28, 2, 122, 116021, 11369, 281, 5286, 1, D::NAME::2, D::(::3
22, 1, 0, 38012, 44, 110, 202, 42, I::)::20
32, 2, 17, 118204, 8972, 321, 2539, 0, D::NUMBER::2, D:::::3
27, 1, 0, 45786, 11, 135, 77, 0, D:::::6
30, 1, 1, 51037, 42, 150, 257, 0, D::(::2
31, 2, 30, 107743, 4774, 311, 1762, 0, D::NUMBER::7, D::NUMBER::8
22, 1, 0, 38210, 10, 110, 82, 0, D::not::19
34, 2, 175, 127512, 5173, 341, 1624, 0, D::{::0, D::}::32
30, 1, 0, 51854, 1, 150, 62, 0, I::}::29
31, 1, 0, 53653, 12, 155, 81, 6, I::STRING::26
27, 1, 1, 45572, 55, 135, 336, 46, I::)::21
37, 1, 0, 67665, 29, 185, 160, 7, I::.::26
21, 1, 2, 38374, 27, 105, 214, 1, D::)::11
24, 2, 2, 65469, 717, 241, 246, 636, I::)::12, I::NEWLINE::16
22, 1, 0, 38841, 2, 110, 49, 1, I::)::21
21, 1, 0, 37383, 26, 105, 162, 24, I::)::20
21, 2, 25, 60248, 1809, 211, 1977, 1750, I:::::20, I::...::21
29, 1, 0, 49466, 43, 145, 216, 41, I::]::28
27, 1, 1, 45786, 54, 135, 298, 46, I::]::25
35, 1, 2, 62859, 29, 175, 156, 0, D::NAME::27
32, 1, 2, 54024, 68, 160, 335, 59, I::)::16
21, 2, 14, 54370, 128, 211, 73, 126, I::...::9, I::...::20
40, 2, 8, 183786, 2718, 401, 1476, 1883, I::[::0, S::>>::]::1
28, 1, 1, 46825, 35, 140, 238, 27, I::]::11
38, 1, 0, 71017, 36, 190, 195, 3, S::,:::::26
34, 3, 598, 463628, 42905, 545, 14347, 41890, I::[::33, I::]::34, I::]::35
30, 1, 0, 50137, 19, 150, 119, 0, S::from::for::24
34, 1, 0, 57859, 6, 170, 101, 0, D::.::14
36, 3, 20, 318438, 6164, 577, 2257, 15, D::)::31, S::):::::33, S:::::NAME::34
21, 1, 0, 36782, 29, 105, 133, 0, D::NAME::18
22, 1, 0, 37499, 1, 110, 44, 0, S::NAME::import::0
24, 1, 0, 40861, 20, 120, 103, 0, D:::::19
36, 2, 110, 181946, 11241, 361, 5701, 1, D::NAME::2, D::(::3
25, 2, 88, 72228, 4173, 251, 2046, 2498, I::(::1, I::)::24
24, 1, 1, 39853, 13, 120, 69, 0, D::>::15
32, 2, 2053, 111055, 2122, 321, 1332, 0, D::NEWLINE::27, D::.::28
32, 1, 1, 58555, 42, 160, 187, 22, I::.::27
23, 2, 39, 62717, 3476, 231, 1390, 2092, I::(::1, I::)::22
28, 2, 1, 83674, 91, 281, 184, 0, D::from::0, D:::::4
25, 1, 5926, 42072, 31, 125, 149, 0, D::NAME::5
32, 3, 87, 227680, 12559, 513, 2999, 12314, I::]::16, I::NEWLINE::17, I::NEWLINE::21
32, 1, 0, 53463, 8, 160, 175, 1, I::}::30
28, 1, 0, 45618, 18, 140, 104, 2, S::NAME::in::9
32, 2, 0, 107263, 1, 321, 64, 0, S::,:::::9, S::,:::::23
28, 1, 1, 45807, 69, 140, 367, 61, I::)::26
29, 1, 1, 47942, 24, 145, 119, 6, I:::::2
23, 1, 0, 38700, 33, 115, 142, 0, D::NAME::20
27, 2, 36, 82409, 5759, 271, 1967, 0, D::NAME::14, D::=::15
28, 1, 3, 46282, 29, 140, 142, 8, I::=::17
27, 3, 15, 156345, 1336, 433, 203, 0, D::**::2, D::**::23, D::**::25
35, 1, 1, 60958, 31, 175, 214, 26, I::)::32
23, 1, 0, 40638, 8, 115, 88, 0, D::{::9
32, 1, 0, 55362, 1, 160, 66, 0, I::,::23
40, 2, 1, 177403, 560, 401, 285, 0, D::NUMBER::11, D::NUMBER::14
24, 3, 328, 226756, 76695, 385, 10725, 859, I::[::0, D::NEWLINE::11, D::NEWLINE::22
37, 1, 0, 68122, 1, 185, 74, 0, S::for::in::28
28, 1, 1, 47053, 7, 140, 64, 0, I::NAME::14
32, 1, 0, 56867, 1, 160, 66, 0, I::}::29
34, 2, 11, 127034, 1352, 341, 1636, 1205, I::)::25, I::NEWLINE::26
37, 3, 116, 323107, 813, 593, 119, 812, I::...::5, I::...::12, I::...::19
28, 2, 258, 85805, 774, 281, 942, 27, S::NAME::STRING::13, S::=:::::14
23, 1, 0, 38918, 18, 115, 160, 1, D::)::5
34, 1, 0, 59065, 16, 170, 128, 14, I::}::33
34, 1, 0, 59322, 47, 170, 233, 44, I::)::32
25, 1, 0, 42508, 16, 125, 184, 0, D::)::22
30, 1, 0, 49918, 5, 150, 79, 0, D::[::18
32, 1, 0, 55376, 31, 160, 223, 26, I::)::31
22, 2, 35, 62588, 4271, 221, 2135, 3289, I::(::13, I::)::21
21, 1, 0, 37347, 18, 105, 132, 17, I::]::20
27, 1, 16, 45206, 29, 135, 136, 0, D::STRING::15
21, 1, 0, 37632, 53, 105, 258, 48, I::)::18
27, 1, 5, 47001, 27, 135, 125, 10, I::.::9
26, 1, 0, 44552, 5, 130, 72, 4, I::)::25
21, 1, 0, 37277, 1, 105, 42, 0, S::class::NAME::11
28, 3, 760, 297327, 32511, 449, 12784, 30281, I::)::22, I::NEWLINE::23, I::NEWLINE::29
23, 1, 0, 39416, 6, 115, 73, 0, D::.::20
28, 2, 8, 85161, 1379, 281, 371, 1253, I::)::12, I::NEWLINE::22
23, 2, 4, 61805, 152, 231, 107, 151, I::)::17, I::...::23
33, 1, 0, 60220, 8, 165, 150, 7, I::]::32
22, 2, 2404, 66682, 4457, 221, 1759, 4164, I::,::1, I::,::3
34, 2, 4, 124837, 562, 341, 434, 1, D::NAME::0, D:::::2
22, 2, 2, 62491, 444, 221, 225, 0, D::/::0, D::NAME::11
29, 1, 1, 49097, 26, 145, 145, 0, D::NAME::27
32, 2, 0, 108775, 1, 321, 68, 0, I::,::12, I::,::22
22, 1, 0, 37604, 29, 110, 197, 24, I::)::21
37, 1, 0, 67546, 1, 185, 76, 0, I::,::11
30, 2, 1, 98567, 260, 301, 171, 0, D::**::0, D::**::2
23, 1, 1, 39253, 46, 115, 231, 43, I::)::14
23, 2, 154, 74938, 3686, 231, 3072, 1755, I::,::20, S::)::NAME::21
22, 2, 0, 61013, 54, 221, 105, 0, D::@::11, D::class::12
23, 2, 12, 62247, 723, 231, 279, 690, S::,:::::5, I::)::13
30, 3, 4, 191334, 285, 481, 201, 11, D::.::25, S::.::...::26, D::.::28
32, 1, 2, 54426, 29, 160, 150, 0, D::NAME::13
39, 1, 0, 73721, 32, 195, 207, 30, I::}::15
26, 2, 19, 76830, 1544, 261, 1700, 1386, I::)::8, I::NEWLINE::9
22, 2, 54, 61426, 6643, 221, 1518, 5395, I::(::8, I::)::12
29, 1, 2, 48684, 22, 145, 167, 21, I::)::28
25, 2, 32, 78334, 4538, 251, 2755, 4350, I::]::22, I::NEWLINE::25
34, 2, 9, 126026, 1816, 341, 1560, 1707, I::)::27, I::NEWLINE::28
23, 2, 593, 69189, 8218, 231, 2132, 7027, I::(::18, I::)::22
38, 1, 0, 69984, 1, 190, 78, 0, I::}::37
32, 1, 0, 54388, 20, 160, 121, 0, S:::::,::24
27, 2, 29, 83399, 4653, 271, 1563, 0, D::NAME::21, D::[::22
35, 2, 190, 131208, 701, 351, 241, 318, I::=::22, I::=::30
21, 1, 0, 37049, 2, 105, 46, 0, D::with::17
34, 1, 0, 63336, 2, 170, 73, 0, S::]::)::17
28, 2, 8, 89694, 369, 281, 279, 53, S::=::,::4, S::=::,::12
35, 1, 0, 61377, 24, 175, 145, 23, I::)::34