length, lev_dist, sample_ms, total_ms, total_samples, lev_ball_arcs, productions, edit1, edit2, edit3
36, 1, 19, 34392, 3, 180, 97, D::*::34
41, 2, 45, 170548, 34, 411, 3259, I::[::38, I::]::40
35, 3, 42, 252363, 39, 561, 2732, I::]::14, I::NEWLINE::16, I::NEWLINE::25
29, 2, 21, 64262, 72, 291, 1802, I::)::11, I::NEWLINE::12
40, 1, 1, 49274, 2, 200, 224, I::}::38
39, 1, 2, 42586, 14, 195, 437, I::]::37
21, 1, 0, 6547, 3, 105, 58, I::)::20
29, 3, 325, 178046, 3921, 465, 7071, D::NAME::12, D::NAME::13, D::NAME::14
22, 1, 0, 8106, 2, 110, 67, I::NAME::13
32, 1, 1, 24610, 5, 160, 153, D::NAME::7
32, 3, 82, 295905, 23, 513, 9759, D::.::28, S::.::}::29, S::}::NEWLINE::30
23, 3, 3571, 164826, 29886, 369, 8994, I::STRING::19, I::,::20, I:::::22
32, 1, 2, 24005, 17, 160, 141, I::=::19
23, 1, 0, 9188, 1, 115, 52, S::in::NAME::16
26, 2, 8, 46949, 165, 261, 1684, D::)::22, D::)::23
26, 2, 0, 44214, 1, 261, 56, I::,::6, I::,::22
29, 1, 0, 17774, 2, 145, 76, D::.::27
26, 1, 2, 13711, 22, 130, 232, I::[::13
28, 1, 0, 15661, 1, 140, 65, S::{::(::3
37, 1, 1, 37383, 8, 185, 145, D::)::9
38, 2, 0, 127877, 1, 381, 80, I::,::6, I::,::26
22, 1, 0, 8057, 5, 110, 101, I::<::9
29, 1, 10, 18919, 24, 145, 158, S::NAME::import::0
35, 1, 7, 32053, 57, 175, 393, D::[::13
21, 3, 4150, 220751, 48173, 337, 13576, I::{::0, D::NEWLINE::11, I::}::21
36, 1, 0, 35033, 1, 180, 72, S::=:::::28
22, 1, 0, 8203, 1, 110, 81, S::)::]::20
33, 1, 0, 27714, 2, 165, 117, I::)::31
26, 1, 1, 14060, 1, 130, 267, D::)::23
25, 2, 3, 39957, 4, 251, 854, D::}::19, D::NEWLINE::21
39, 2, 17, 140772, 3, 391, 1722, I::)::13, I::NEWLINE::16
27, 2, 15, 48433, 228, 271, 1307, S::from::import::0, S::import::NEWLINE::2
38, 1, 1, 40742, 17, 190, 163, D::NAME::4
34, 2, 103, 92677, 705, 341, 1624, D::{::0, D::}::32
33, 1, 0, 25540, 1, 165, 68, I::{::0
25, 2, 3, 38630, 58, 251, 417, D::NAME::0, D::NEWLINE::3
37, 2, 56, 122844, 339, 371, 2383, I::)::36, I::NEWLINE::37
24, 1, 0, 10047, 7, 120, 100, D::...::21
25, 1, 1, 12870, 8, 125, 161, I::]::23
27, 2, 0, 46524, 20, 271, 146, D::*::20, D::*::24
25, 2, 17, 41860, 175, 251, 1763, I::)::20, I::NEWLINE::21
41, 1, 0, 49160, 3, 205, 180, D::NUMBER::22
27, 1, 0, 14279, 5, 135, 152, I::]::25
26, 1, 0, 12916, 1, 130, 309, I::]::24
25, 1, 0, 11296, 1, 125, 52, I::,::20
21, 3, 183, 74626, 3028, 337, 3599, S::STRING::)::6, I::NEWLINE::8, I::NEWLINE::15
21, 1, 0, 7169, 8, 105, 106, I::]::15
40, 1, 0, 45075, 1, 200, 82, I::{::9
27, 1, 2, 14684, 22, 135, 250, I::[::21
31, 1, 0, 20837, 3, 155, 68, S::def::STRING::8
25, 1, 0, 12654, 2, 125, 73, I::]::19
38, 1, 2, 40458, 18, 190, 169, I::)::37
38, 2, 81519, 213963, 4500, 381, 1829, D::)::12, I::)::16
27, 1, 24, 15605, 62, 135, 282, I::)::21
23, 1, 1, 9685, 4, 115, 64, D::NEWLINE::5
25, 2, 6, 41190, 32, 251, 971, I::]::20, I::NEWLINE::21
29, 1, 0, 17886, 3, 145, 255, I::)::27
36, 3, 3454, 292258, 13921, 577, 4621, I::)::12, I::NEWLINE::13, I::NEWLINE::33
23, 1, 2, 8292, 12, 115, 91, I::,::12
40, 1, 0, 45732, 1, 200, 154, D::)::33
23, 2, 322, 37384, 2137, 231, 2227, D::/::3, S::NAME::,::4
22, 2, 27, 33180, 305, 221, 1888, I::else::16, I::NAME::17
36, 2, 0, 106696, 3, 361, 206, I::{::3, D::NEWLINE::34
23, 2, 3, 31163, 163, 231, 279, S::,:::::5, I::)::13
21, 2, 14, 24294, 362, 211, 961, D::NUMBER::11, D:::::12
23, 1, 0, 8852, 5, 115, 100, S::NEWLINE:::::16
35, 1, 0, 29870, 1, 175, 129, I::,::30
24, 2, 150, 34436, 772, 241, 952, S::[::{::2, S::]::}::22
32, 2, 1, 77070, 12, 321, 105, D::NEWLINE::2, I::,::19
34, 3, 5, 228643, 52, 545, 162, I::{::0, D::NEWLINE::17, S::,::}::33
29, 1, 0, 17373, 1, 145, 60, I::,::5
22, 1, 0, 8442, 6, 110, 364, I::)::21
30, 3, 12, 159831, 39, 481, 684, I::}::28, I::]::29, S::,::}::30
21, 1, 0, 6887, 4, 105, 60, D::.::19
27, 2, 11, 49925, 135, 271, 1613, I::NAME::0, I::(::1
21, 1, 0, 7007, 18, 105, 231, I::]::18
26, 2, 5, 44028, 95, 261, 100, D::**::0, D::**::24
21, 2, 70, 25533, 127, 211, 191, D::>>::6, D::>>::7
31, 2, 1, 70700, 27, 311, 334, I::}::30, I::}::31
27, 1, 0, 14469, 5, 135, 258, D::)::19
28, 2, 0, 53035, 1, 281, 60, I::,::7, I::,::21
31, 1, 0, 22411, 2, 155, 142, I::]::30
27, 1, 0, 14574, 12, 135, 105, I::,::24
35, 1, 2, 30253, 20, 175, 145, I::)::34
29, 1, 48, 17240, 29, 145, 146, D::NUMBER::0
30, 2, 4, 64081, 50, 301, 334, I::(::0, I::STRING::1
41, 2, 9, 155530, 95, 411, 131, D::**::0, D::**::39
39, 1, 0, 46415, 2, 195, 129, S::NEWLINE:::::10
32, 1, 0, 24323, 10, 160, 177, I::)::30
27, 1, 0, 14421, 4, 135, 176, I::)::25
41, 1, 1, 49276, 9, 205, 388, I::)::38
23, 1, 1, 9782, 29, 115, 178, I::.::16
27, 1, 0, 14831, 1, 135, 52, D:::::7
21, 1, 0, 7647, 2, 105, 115, D::...::18
28, 1, 0, 15421, 1, 140, 56, S::NAME::from::0
31, 1, 0, 22670, 7, 155, 81, I::STRING::26
33, 2, 4, 84193, 78, 331, 116, D::**::0, D::**::31
28, 1, 237, 15733, 6, 140, 117, I::,::7
28, 2, 500, 56847, 1303, 281, 1002, I:::::25, I::None::26
33, 1, 0, 25208, 2, 165, 91, S::NEWLINE:::::11
27, 1, 1, 14659, 30, 135, 298, I::]::25
25, 1, 0, 11693, 7, 125, 168, I::}::23
27, 1, 0, 14255, 3, 135, 69, D:://::6
24, 1, 0, 11514, 4, 120, 135, D::NAME::21
25, 1, 0, 11879, 3, 125, 111, I::,::12
22, 1, 0, 8117, 4, 110, 114, I::)::21
41, 1, 0, 49680, 1, 205, 84, I::}::40
31, 1, 0, 22218, 6, 155, 124, D::NAME::21
26, 1, 0, 13675, 6, 130, 157, I::)::25
22, 1, 0, 8217, 2, 110, 106, S::,:::::17
28, 1, 0, 15874, 1, 140, 77, S::)::]::12
25, 2, 26, 43800, 20, 251, 2189, D::NAME::10, D::NAME::11
37, 2, 453, 118628, 322, 371, 198, D::NEWLINE::12, S::NAME::return::34
25, 1, 0, 11306, 5, 125, 136, I::=::16
22, 1, 0, 8364, 15, 110, 158, S::.:::::6
35, 2, 7, 101680, 63, 351, 507, I::[::23, I::]::33
25, 1, 0, 11082, 1, 125, 129, I::}::23
30, 1, 0, 20018, 3, 150, 79, D::[::18
38, 1, 1, 38673, 28, 190, 172, D::NAME::9
24, 1, 1, 9924, 21, 120, 160, I::)::23
21, 1, 0, 7290, 5, 105, 127, D::)::7
28, 2, 2, 50360, 53, 281, 184, D::from::0, D:::::4
22, 2, 2, 28422, 41, 221, 99, D::/::18, D::>::20
28, 1, 0, 15548, 2, 140, 158, D::]::16
32, 2, 459, 78161, 1172, 321, 1332, D::NEWLINE::27, D::.::28
25, 1, 0, 10766, 3, 125, 61, D::.::20
29, 1, 0, 17073, 1, 145, 64, S::from::NAME::23
34, 1, 2, 29144, 11, 170, 92, D::>::0
27, 1, 0, 14025, 4, 135, 59, D::@::1
35, 3, 41, 247919, 1532, 561, 217, S::=::==::12, S::=::==::21, S::=::==::30
23, 3, 98, 85991, 2116, 369, 1911, S::NEWLINE:::::7, D::NEWLINE::18, D::>>::19
37, 1, 0, 39329, 1, 185, 83, S::}::]::18
31, 2, 38, 89026, 15, 311, 3442, D::NAME::20, D::(::21
24, 2, 0, 34694, 4, 241, 180, D::NUMBER::2, D::NUMBER::18
26, 1, 0, 13986, 1, 130, 72, D::]::17
39, 1, 0, 41863, 13, 195, 207, I::}::15
30, 1, 0, 19214, 3, 150, 93, S::in::NAME::10
24, 1, 0, 10095, 1, 120, 66, I::{::0
29, 3, 289, 162674, 274, 465, 4542, D::NAME::23, D::NAME::24, D::NAME::26
35, 1, 0, 29161, 4, 175, 117, D::,::31
37, 1, 0, 34485, 7, 185, 161, D::NAME::12
24, 1, 0, 12098, 1, 120, 50, I::,::18
22, 1, 0, 7270, 3, 110, 59, I::)::21
22, 2, 2, 28768, 14, 221, 807, D::.::18, D::.::19
33, 2, 1, 80944, 17, 331, 127, D:::::1, D:::::18
31, 1, 0, 22358, 2, 155, 137, D::)::9
23, 1, 0, 9646, 2, 115, 108, I::,::14
33, 1, 1, 28350, 6, 165, 178, I::]::30
25, 1, 0, 11872, 3, 125, 133, D::]::20
29, 1, 3, 17181, 33, 145, 181, D::NAME::23
24, 2, 18421, 56851, 3774, 241, 1316, I::(::3, I::)::23
33, 1, 0, 26361, 1, 165, 68, I::{::3
41, 2, 3, 160151, 59, 411, 142, D::=::12, D::=::26
28, 1, 0, 15390, 1, 140, 107, D::)::7
24, 1, 1, 10448, 5, 120, 104, I::,::11
27, 1, 15, 14445, 30, 135, 145, D::NAME::0
27, 1, 0, 14451, 6, 135, 77, D:::::6
36, 1, 0, 32866, 1, 180, 146, I::NEWLINE::12
25, 2, 12, 44517, 1, 251, 1565, I::)::9, I::NEWLINE::11
24, 1, 0, 10002, 1, 120, 50, I::}::22
38, 2, 238, 128890, 365, 381, 236, I::,::5, I::,::10
26, 1, 0, 12070, 2, 130, 153, D::)::20
33, 1, 0, 27365, 1, 165, 68, I::,::18
23, 1, 0, 10103, 4, 115, 231, I::)::14
31, 3, 169, 202815, 1348, 497, 6350, D::NUMBER::2, D::NUMBER::3, D::NUMBER::4
24, 3, 110, 94766, 980, 385, 3181, D::NAME::18, D::NAME::19, D::...::22
28, 1, 0, 16280, 3, 140, 144, I::}::26
22, 1, 1, 8259, 14, 110, 179, I::)::21
26, 1, 0, 13523, 2, 130, 58, S::import::NAME::19
41, 1, 11, 49746, 18, 205, 304, I::}::35
28, 3, 1, 131051, 41, 449, 169, S::NAME::import::0, S::NAME::from::3, S::NAME::from::10
27, 1, 0, 14387, 1, 135, 54, S::STRING::]::23
33, 1, 3, 25403, 43, 165, 390, I::]::11
23, 3, 70, 79666, 2292, 369, 2074, D::**::0, D:::::4, D::**::5
23, 2, 24, 36968, 114, 231, 1690, I::)::7, I::NEWLINE::9
34, 2, 0, 92413, 1, 341, 72, I::,::10, I::,::22
31, 2, 7, 74820, 101, 311, 1116, D::%::4, D::>::5
24, 1, 0, 10027, 5, 120, 66, D::.::22
31, 1, 0, 22153, 8, 155, 158, S::NAME::NEWLINE::29
25, 2, 0, 38080, 6, 251, 77, D::*::0, D::*::23
35, 1, 0, 30026, 3, 175, 107, I::}::33
26, 2, 30502, 74798, 1120, 261, 1343, D::NAME::18, D::return::19
30, 1, 0, 18544, 3, 150, 75, S::NAME::lambda::18
24, 1, 1, 10442, 10, 120, 329, I::)::22
34, 1, 0, 28081, 3, 170, 233, I::)::32
36, 1, 23, 34247, 24, 180, 172, S::NAME::import::0
41, 1, 0, 49425, 2, 205, 103, I::STRING::20
21, 1, 0, 7456, 5, 105, 176, I::NEWLINE::2
24, 3, 4588, 98209, 6633, 385, 1826, I:::::2, I::STRING::12, S::NAME:::::13
35, 1, 0, 30176, 6, 175, 156, S::NAME::)::33
32, 2, 5, 77644, 61, 321, 325, I::,::12, I::,::22
21, 1, 0, 6569, 1, 105, 42, S::NAME::import::2
31, 1, 0, 22334, 2, 155, 112, I::}::27
27, 1, 0, 14185, 7, 135, 164, I::]::26
31, 1, 0, 21130, 4, 155, 160, I::}::29
24, 1, 0, 10398, 4, 120, 236, I::]::23
34, 1, 0, 29169, 1, 170, 68, S:::::,::12
31, 2, 1029, 73993, 1278, 311, 1271, S::[::{::2, S::]::}::29
33, 1, 0, 26162, 9, 165, 125, D::NAME::4
39, 2, 2, 137225, 18, 391, 449, I::]::32, I::}::33
39, 2, 4, 134174, 32, 391, 135, D::NEWLINE::2, I::}::38
41, 1, 2, 54165, 14, 205, 491, I::]::39
40, 1, 0, 47316, 6, 200, 180, D::NAME::0
24, 1, 0, 11707, 18, 120, 127, I::+::22
27, 1, 0, 14955, 10, 135, 253, I::[::2
29, 3, 2993, 156806, 17055, 465, 2765, D::NAME::23, D::is::26, D:::::27
28, 1, 1, 15722, 8, 140, 332, I::)::10
40, 2, 114426, 262616, 2161, 401, 1130, D::>>::0, D::>::1
36, 1, 5, 35221, 33, 180, 206, D::NAME::27
29, 1, 1, 18872, 18, 145, 154, I::=::27
38, 1, 1, 38703, 16, 190, 195, S::,:::::26
21, 1, 0, 6631, 13, 105, 138, D::NAME::18
25, 1, 0, 11444, 1, 125, 48, D:::::4
26, 1, 0, 13991, 1, 130, 157, D::NAME::11
34, 1, 1, 29156, 3, 170, 435, I::]::32
21, 1, 0, 7172, 1, 105, 77, S::}::)::19
33, 1, 0, 25565, 4, 165, 93, I::(::3
32, 1, 0, 23803, 4, 160, 166, I::}::30
22, 2, 8997, 37033, 1514, 221, 855, D::>>::0, D::>::1
40, 2, 2, 146353, 29, 401, 194, I::[::13, D::NEWLINE::38
27, 1, 0, 13856, 2, 135, 336, I::)::21
24, 2, 1, 33058, 22, 241, 246, I::)::12, I::NEWLINE::16
35, 1, 0, 30197, 6, 175, 196, D::]::24
21, 1, 0, 6641, 7, 105, 106, I::]::15
31, 1, 0, 23101, 7, 155, 138, D::NAME::15
37, 2, 4, 112257, 96, 371, 262, D::(::20, I::NEWLINE::32
24, 1, 0, 9866, 2, 120, 65, S::{::[::14
28, 2, 39, 53493, 193, 281, 593, D::{::0, D::{::14
36, 1, 1, 32993, 13, 180, 105, D::>::22
22, 2, 52, 31815, 482, 221, 1993, I::.::7, D::)::20
32, 2, 1, 80311, 11, 321, 181, I::]::10, I::NEWLINE::12
36, 1, 1, 34332, 15, 180, 230, I::)::34
33, 1, 0, 26456, 3, 165, 127, D::NUMBER::22
40, 2, 0, 148810, 3, 401, 98, I::}::6, I::}::26
38, 2, 0, 128193, 8, 381, 169, D::**::27, D::**::35
35, 2, 4, 99889, 140, 351, 266, S::NAME::if::16, D::NEWLINE::23
23, 1, 0, 9035, 1, 115, 105, D::...::18
22, 1, 0, 8553, 3, 110, 82, D::not::19
28, 1, 0, 16130, 2, 140, 136, D::)::5
26, 1, 0, 13409, 4, 130, 138, I::)::25
41, 1, 0, 50093, 2, 205, 143, D::NUMBER::30
30, 1, 0, 20234, 8, 150, 151, I::]::29
37, 1, 0, 35997, 6, 185, 120, D::{::28
36, 2, 14, 117445, 48, 361, 1832, I::)::24, I::NEWLINE::26
34, 1, 0, 28382, 5, 170, 128, I::}::33
21, 1, 0, 6682, 4, 105, 65, I::{::11
26, 2, 4, 45108, 76, 261, 973, D::/::10, D::>::11
30, 1, 0, 18680, 1, 150, 86, S::lambda::NAME::19
31, 2, 6, 74994, 70, 311, 1417, D::NEWLINE::11, D::>>::12
32, 2, 1081, 81950, 3540, 321, 1844, D::NAME::27, D::NAME::28
32, 1, 0, 25901, 2, 160, 69, I:::::16
40, 1, 0, 46750, 13, 200, 177, D::)::35
22, 2, 7965, 37376, 1489, 221, 855, D::>>::0, D::>::1
24, 2, 5, 36416, 156, 241, 189, D::NUMBER::10, D::NUMBER::19
33, 2, 1259, 90303, 2935, 331, 1795, D::,::16, S::=::==::18
27, 1, 388, 14767, 27, 135, 132, D::NAME::0
35, 1, 0, 30503, 3, 175, 253, I::(::19
24, 1, 0, 10455, 13, 120, 223, I::)::22
21, 1, 0, 8003, 1, 105, 130, S::NUMBER::NEWLINE::0
35, 2, 6, 98511, 117, 351, 479, D::%::0, D::NAME::1
37, 2, 30, 131763, 28, 371, 2868, D::)::33, D::)::34
27, 1, 0, 14283, 11, 135, 122, I::]::26
21, 1, 0, 7512, 10, 105, 100, I::,::18
29, 1, 0, 17744, 13, 145, 119, I::,::25
38, 2, 0, 129476, 1, 381, 80, I::,::14, I::,::26
37, 1, 0, 36417, 9, 185, 99, D::>::0
26, 2, 64, 46019, 777, 261, 1312, I::STRING::15, I:::::16
41, 1, 0, 49989, 1, 205, 84, I::,::20
25, 2, 2, 38284, 78, 251, 105, D::**::0, D::**::23
21, 1, 0, 6778, 1, 105, 91, I::}::19
25, 1, 1, 11843, 5, 125, 322, D::[::0
33, 1, 1, 25526, 3, 165, 80, D::.::22
23, 2, 169, 34816, 1384, 231, 1888, D::...::20, D::NAME::21
41, 1, 0, 49914, 4, 205, 168, I::}::23
32, 3, 733, 195490, 1413, 513, 2152, D:::::10, D::NAME::20, S::/::STRING::21
30, 2, 12, 66829, 115, 301, 1475, D::(::5, I::NEWLINE::9
27, 1, 0, 14170, 10, 135, 205, I::)::25
26, 1, 0, 12218, 3, 130, 190, I::]::23
33, 1, 0, 26765, 3, 165, 85, D::.::31
29, 1, 2, 19364, 20, 145, 333, I::)::19
21, 2, 11, 24867, 90, 211, 956, I::)::18, I::NEWLINE::20
38, 1, 0, 39931, 3, 190, 97, D::**::36
39, 1, 0, 42783, 5, 195, 96, D::.::37
29, 1, 3, 17318, 18, 145, 137, I::)::28
33, 3, 19, 212525, 1097, 529, 358, D::NAME::24, D::NAME::27, D::NAME::30
40, 1, 3, 48634, 11, 200, 102, D::<::34
23, 2, 491, 37229, 1955, 231, 1528, I::STRING::16, S::NAME::,::17
39, 1, 0, 44135, 1, 195, 80, I::,::26
23, 1, 3, 9185, 45, 115, 283, D::[::0
29, 1, 1, 17617, 15, 145, 371, I::]::27
32, 1, 0, 24731, 7, 160, 79, D::{::2
23, 1, 0, 9487, 1, 115, 210, I::]::21
23, 2, 3, 29439, 59, 231, 338, D::NAME::19, D::.::21
28, 1, 0, 16003, 5, 140, 77, D::<::13
26, 1, 0, 12759, 6, 130, 75, D::>::24
26, 1, 1, 14292, 5, 130, 75, D::**::24
26, 2, 816, 45808, 2123, 261, 1662, I::{::0, S::,::}::25
26, 1, 0, 13015, 1, 130, 113, S:::::,::21
21, 1, 0, 6683, 4, 105, 64, D::**::14
36, 3, 20, 277142, 73, 577, 2257, D::)::31, S::):::::33, S:::::NAME::34
29, 1, 0, 17049, 3, 145, 66, I::...::14
29, 1, 0, 19704, 14, 145, 151, S::NAME::,::18
38, 2, 357, 125818, 835, 381, 1063, S::[::{::3, S::]::}::35
35, 2, 0, 104002, 1, 351, 70, S::=:::::9, S::=:::::23
30, 2, 3, 64177, 33, 301, 331, I::]::17, I::NEWLINE::20
28, 3, 1418, 133246, 7064, 449, 338, S:::::,::1, S:::::,::11, S:::::,::19
33, 1, 0, 24883, 10, 165, 157, D::NAME::0
34, 1, 0, 29822, 2, 170, 189, I::}::33
24, 2, 0, 33838, 1, 241, 48, S::)::}::10, S::)::}::22
36, 2, 5, 115337, 50, 361, 1604, D::,::5, D::and::6
22, 1, 0, 7565, 12, 110, 219, I::)::21
23, 1, 0, 8654, 16, 115, 146, S::NAME::import::0
33, 3, 1772, 689166, 16090, 529, 22137, I::(::24, S::=::==::28, I::)::32
24, 2, 286, 35081, 1172, 241, 335, D::NAME::14, D::NUMBER::18
36, 2, 0, 109614, 12, 361, 180, S::.::,::3, S::.::,::15
21, 1, 1, 6755, 14, 105, 99, D::NUMBER::5
31, 2, 0, 73176, 8, 311, 148, I::]::30, I::}::31
39, 2, 13, 145358, 54, 391, 1576, D::(::6, D::)::7
32, 1, 1, 24160, 2, 160, 275, I::)::30
31, 1, 0, 22184, 15, 155, 176, I:::::16
27, 1, 0, 14217, 1, 135, 118, D::NAME::21
28, 1, 1, 15540, 15, 140, 104, S::NAME::in::9
26, 2, 0, 43651, 19, 261, 134, D::*::11, D::*::13
22, 1, 1, 8024, 20, 110, 135, I::from::0
27, 1, 0, 14013, 2, 135, 76, S::def::NAME::2
22, 2, 356, 27645, 699, 221, 569, D::>>::0, D::>::1
26, 3, 283, 148907, 1023, 417, 7437, D::NAME::15, D::NAME::16, D::NAME::17
21, 1, 0, 6933, 1, 105, 110, I::}::20
34, 1, 2, 28880, 42, 170, 414, D::[::9
21, 1, 0, 7359, 8, 105, 69, I::)::19
28, 3, 7, 134849, 330, 449, 537, D::NUMBER::8, D::NUMBER::11, D::NUMBER::22
33, 1, 3, 25751, 16, 165, 333, I::[::13
25, 2, 46, 40514, 545, 251, 1236, I::[::2, S::.::]::24
25, 2, 3, 37148, 9, 251, 279, I::)::15, I::NEWLINE::17
22, 1, 0, 7759, 1, 110, 42, D:::::9
25, 1, 0, 11285, 5, 125, 142, I::}::23
23, 2, 63, 34735, 777, 231, 1730, D::NAME::0, S::=::==::2
40, 2, 0, 148366, 1, 401, 80, S::}::)::22, S::}::)::38
34, 1, 0, 27861, 3, 170, 137, D::}::18
21, 2, 76, 27769, 1509, 211, 1618, I::[::2, S::...::]::20
29, 1, 1, 17581, 7, 145, 79, D::,::7
33, 3, 129, 248226, 807, 529, 5005, I:::::23, D::...::30, D::.::31
33, 3, 0, 212330, 1, 529, 72, I::,::10, I::,::18, I::,::26
22, 2, 1, 28422, 44, 221, 140, S:::::,::11, S:::::,::17
24, 1, 0, 11130, 4, 120, 80, D::NAME::1
27, 1, 0, 14627, 10, 135, 287, I::]::25
38, 1, 0, 38401, 9, 190, 220, I::)::36
37, 1, 0, 38334, 8, 185, 119, I::,::18
38, 2, 3, 129187, 102, 381, 328, I::lambda::5, S::NAME::,::7
25, 1, 14, 11394, 28, 125, 140, I::,::21
37, 2, 0, 117105, 2, 371, 111, I::{::4, I::}::16
26, 1, 0, 12264, 7, 130, 98, I::)::25
34, 2, 6, 95671, 40, 341, 374, I::]::19, I::NEWLINE::22
29, 1, 0, 17875, 6, 145, 171, D::]::24
26, 1, 1, 13098, 10, 130, 294, I::]::25
34, 1, 0, 28112, 5, 170, 95, D::.::31
37, 1, 0, 37192, 4, 185, 98, I::}::29
26, 1, 0, 14584, 1, 130, 134, S::,:::::15
23, 1, 0, 8490, 8, 115, 88, D::{::9
21, 1, 0, 7202, 2, 105, 59, D::**::11
27, 1, 2, 14569, 5, 135, 107, S::NAME::if::8
21, 1, 0, 7210, 15, 105, 207, I::)::20
31, 1, 0, 21088, 10, 155, 135, D::.::26
26, 1, 0, 12502, 9, 130, 133, D::.::6
31, 2, 3, 72751, 6, 311, 640, S::[::{::2, I::}::30
25, 2, 3, 38047, 99, 251, 112, D::**::0, D::**::22
40, 2, 0, 151312, 3, 401, 285, D::NUMBER::11, D::NUMBER::14
23, 1, 0, 8680, 6, 115, 91, I::,::12
30, 1, 0, 20414, 1, 150, 62, I::}::29
39, 1, 2, 42484, 1, 195, 100, I::}::37
40, 1, 0, 47045, 2, 200, 131, I::)::31
21, 1, 0, 6743, 2, 105, 93, I::,::18
31, 2, 755, 73013, 969, 311, 762, S::[::{::3, S::]::}::11
23, 1, 0, 9198, 1, 115, 108, S::,:::::9
28, 1, 1, 16080, 15, 140, 155, D::(::0
25, 1, 0, 11475, 5, 125, 174, D::)::22
23, 3, 51, 82163, 465, 369, 2672, D::NAME::7, D::NAME::8, D::NAME::9
23, 1, 0, 8765, 3, 115, 70, D::*::21
24, 1, 0, 11128, 10, 120, 161, S::.::,::10
24, 1, 0, 10159, 3, 120, 69, D::>::15
30, 2, 6, 65524, 114, 301, 171, D::**::0, D::**::2
31, 1, 2, 21822, 18, 155, 147, I::,::28
21, 1, 0, 7586, 1, 105, 67, I::}::20
21, 3, 28, 67372, 993, 337, 2276, I:::::19, I::(::20, S::==::)::21
23, 1, 0, 8618, 10, 115, 129, D::NUMBER::1
30, 2, 3, 66352, 35, 301, 373, I::{::0, D::NEWLINE::17
22, 2, 4, 26892, 5, 221, 807, D::.::18, D::.::19
36, 2, 0, 110930, 3, 361, 94, I::}::18, I::}::32
25, 1, 0, 11291, 4, 125, 184, D::)::22
30, 2, 0, 63557, 1, 301, 60, S::=:::::11, S::=:::::25
36, 1, 1, 36376, 7, 180, 261, I::]::32
34, 1, 4, 27831, 28, 170, 193, I::.::8
24, 1, 1, 10440, 8, 120, 329, I::)::22
35, 1, 0, 33857, 1, 175, 85, D::.::33
23, 1, 0, 8878, 1, 115, 48, I::}::22
29, 1, 0, 17780, 1, 145, 60, I::,::24
39, 1, 0, 44217, 1, 195, 111, D::.::36
29, 1, 0, 17241, 3, 145, 154, I::}::28
24, 2, 0, 34205, 27, 241, 127, D:::::19, D:::::22
31, 1, 1, 21565, 14, 155, 113, D::=::0
40, 1, 2, 47495, 20, 200, 236, S::NUMBER::)::35
31, 1, 0, 24763, 1, 155, 64, I::}::29
34, 1, 1, 29231, 2, 170, 218, I::(::0
37, 3, 9580, 596811, 66763, 593, 17851, D::)::12, D::NEWLINE::14, D::(::15
22, 1, 0, 9384, 15, 110, 123, I::*::14
27, 1, 0, 15215, 1, 135, 60, S::in::NAME::0
22, 1, 0, 8200, 4, 110, 231, I::)::21
29, 1, 0, 17853, 4, 145, 77, D::.::27
23, 1, 0, 8889, 2, 115, 69, D::=::18
39, 2, 2273, 138215, 585, 391, 590, I::]::32, I::NEWLINE::34
28, 1, 0, 16115, 7, 140, 128, I::]::27
23, 3, 8, 81171, 338, 369, 118, D::**::0, D::**::12, D::NEWLINE::19
26, 1, 0, 12453, 1, 130, 52, S::=:::::8
28, 1, 1, 16696, 3, 140, 287, I::)::22
28, 1, 0, 17329, 3, 140, 71, D::.::26
21, 3, 146, 70993, 2860, 337, 2387, D::[::2, I::NEWLINE::10, D::[::13
37, 1, 0, 37162, 3, 185, 95, D::>::35
31, 1, 0, 21622, 2, 155, 95, D::[::15
33, 3, 96, 219152, 687, 529, 3438, I::)::15, I::NEWLINE::16, I::NEWLINE::29
32, 3, 253, 196711, 2552, 513, 2999, I::]::16, I::NEWLINE::17, I::NEWLINE::21
21, 1, 0, 6299, 1, 105, 42, S::class::NAME::11
27, 1, 0, 14064, 1, 135, 72, I::}::26
38, 2, 68777, 212092, 10976, 381, 3624, I::(::26, I::)::37
36, 1, 1, 33906, 6, 180, 148, D::)::33
33, 1, 1, 26089, 8, 165, 377, I::)::29
35, 1, 2, 30582, 28, 175, 307, I::)::33
32, 2, 4, 79900, 53, 321, 322, I::,::12, I::,::22
23, 1, 0, 9037, 13, 115, 147, D::...::21
21, 1, 0, 6976, 4, 105, 123, I::)::20
23, 1, 10, 9346, 25, 115, 249, I::]::22
34, 1, 1, 29242, 11, 170, 363, I::)::32
29, 2, 3460, 65735, 1781, 291, 1176, S::[::{::2, S::]::}::26
32, 2, 8, 78622, 114, 321, 322, I::,::12, I::,::22
23, 1, 0, 8838, 10, 115, 267, I::)::21
36, 1, 0, 33589, 13, 180, 129, S::=:::::4
21, 2, 529, 30529, 1540, 211, 1962, I::(::0, S::]::)::20
21, 1, 0, 6787, 15, 105, 128, I::=::9
28, 1, 1, 15790, 19, 140, 180, I::+::11
25, 2, 518, 43990, 2383, 251, 1610, I::STRING::12, S::NAME::,::13
33, 1, 0, 25450, 5, 165, 94, I::NAME::0
26, 1, 0, 13341, 2, 130, 76, D::>::13
25, 1, 19, 11317, 23, 125, 131, D::NUMBER::11
38, 1, 1, 38721, 8, 190, 103, D::>::0
22, 1, 0, 7487, 1, 110, 57, S::{::[::13
34, 1, 0, 28039, 1, 170, 68, S::NAME::import::3
38, 1, 0, 40529, 7, 190, 103, D::=::2
26, 1, 1, 13379, 12, 130, 72, D::%::22
30, 3, 6, 164634, 104, 481, 201, D::.::25, S::.::...::26, D::.::28
41, 1, 0, 50017, 5, 205, 166, I::}::39
32, 2, 4, 78164, 32, 321, 325, I::,::12, I::,::22
32, 1, 1, 23305, 9, 160, 187, I::.::27
29, 1, 2, 17462, 5, 145, 422, I::)::27
39, 1, 0, 44611, 7, 195, 147, I:::::35
38, 2, 122, 129402, 406, 381, 231, D::.::19, D::.::29
27, 1, 1, 13860, 3, 135, 74, D::.::25
38, 2, 0, 125640, 1, 381, 80, I::,::14, I::,::26
27, 1, 5, 14123, 43, 135, 303, D::(::4
35, 1, 0, 30476, 9, 175, 122, S::NEWLINE:::::22
21, 2, 5, 24981, 25, 211, 858, I::}::10, I::NEWLINE::11
39, 1, 0, 41899, 4, 195, 136, I::]::38
34, 3, 3, 229524, 155, 545, 169, D::NAME::0, S::is::STRING::24, S::and::STRING::28
35, 1, 0, 31825, 3, 175, 214, I::)::32
23, 2, 12, 34614, 170, 231, 1317, S::(::[::15, S::)::]::19
37, 1, 1, 36712, 1, 185, 119, I::,::18
39, 1, 1, 44511, 12, 195, 123, I::,::20
32, 2, 0, 74782, 4, 321, 188, S::,:::::17, S::,:::::27
41, 2, 2911, 171665, 8796, 411, 2896, I::(::33, I::)::40
32, 1, 0, 23147, 3, 160, 175, I::}::30
30, 1, 0, 21990, 16, 150, 156, I::+::16
40, 1, 1, 47935, 6, 200, 330, I::[::6
26, 1, 0, 13410, 10, 130, 157, I::)::25
35, 1, 0, 31272, 2, 175, 76, S::assert::NAME::20
28, 2, 0, 52958, 1, 281, 60, I::,::15, I::,::22
33, 1, 1, 25211, 8, 165, 159, I::)::32
26, 2, 0, 42591, 12, 261, 208, D::NUMBER::18, D:::::19
23, 1, 0, 8960, 6, 115, 70, D::>::0
23, 3, 12, 77253, 591, 369, 378, I::]::13, I::NEWLINE::15, I::]::23
30, 2, 471, 67549, 2027, 301, 1799, D::...::27, D::...::28
37, 1, 0, 34616, 1, 185, 72, D::,::24
32, 2, 0, 78966, 1, 321, 64, S::,:::::9, S::,:::::23
28, 2, 6, 55812, 8, 281, 1333, D::NEWLINE::10, D::or::11
29, 2, 10, 61566, 38, 291, 1340, S::STRING::)::16, I::NEWLINE::18
29, 1, 0, 18188, 8, 145, 145, I::NEWLINE::15
23, 1, 0, 9097, 6, 115, 142, D::NAME::20
25, 1, 0, 12037, 5, 125, 105, D::.::16
26, 2, 39390, 82521, 2095, 261, 1077, D::>>::0, D::>::1
27, 1, 0, 13846, 3, 135, 72, D::.::25
24, 1, 0, 11457, 2, 120, 146, I::,::13
21, 1, 0, 7541, 1, 105, 102, I::]::20
33, 2, 65, 107738, 134, 331, 4233, I::NAME::31, S::STRING::)::32
39, 1, 0, 43655, 3, 195, 226, D::}::31
37, 1, 0, 37574, 1, 185, 76, I::,::11
23, 2, 5, 30943, 197, 231, 279, S::,:::::5, I::)::13
40, 2, 17, 149144, 221, 401, 494, I::,::21, I::,::30
27, 1, 0, 14098, 8, 135, 157, I::)::26
30, 1, 0, 18548, 3, 150, 75, I::NAME::29
23, 1, 0, 9257, 23, 115, 134, I::+::10
32, 3, 294, 194474, 656, 513, 988, D::[::2, D::{::20, S::,::}::30
26, 2, 1, 43476, 26, 261, 142, D::**::0, D::**::24
40, 1, 0, 47341, 2, 200, 95, I:::::11
35, 1, 0, 32641, 1, 175, 72, I::,::8
41, 1, 0, 47211, 1, 205, 98, D::*::8
24, 2, 5, 36066, 6, 241, 1363, D::NEWLINE::8, D::or::9
23, 1, 0, 10624, 3, 115, 82, I::]::20
30, 2, 40, 62387, 242, 301, 213, S::NAME::,::3, D:::::5
21, 1, 0, 7084, 11, 105, 140, D::NAME::14
31, 2, 47, 75668, 630, 311, 2134, D::NAME::27, D::NUMBER::29
23, 2, 19, 33410, 183, 231, 1397, I::NAME::15, I::in::16
27, 1, 6, 14272, 21, 135, 124, I::=::24
31, 1, 0, 21918, 9, 155, 350, I::]::22
36, 1, 0, 32395, 4, 180, 104, I::)::35
24, 2, 4, 34468, 10, 241, 886, D::NEWLINE::7, D::or::8
24, 1, 0, 10096, 1, 120, 46, D:::::12
31, 2, 26, 74341, 501, 311, 1470, D::NUMBER::13, D::NUMBER::14
31, 2, 146, 76054, 1834, 311, 2432, I::(::21, I::)::29
30, 1, 1, 19908, 16, 150, 152, I::=::1
24, 1, 0, 10348, 1, 120, 48, S::)::}::22
21, 1, 0, 7334, 1, 105, 79, D::>::10
34, 2, 3, 88300, 48, 341, 434, D::NAME::0, D:::::2
37, 1, 0, 37416, 1, 185, 76, I::,::4
21, 1, 0, 6840, 7, 105, 134, D::NUMBER::1
25, 3, 335, 135354, 225, 401, 7835, D::NAME::9, D::NAME::10, D::NAME::11
41, 1, 0, 48730, 2, 205, 102, D::.::39
33, 2, 0, 85941, 1, 331, 66, S::...::}::30, S::.::}::31
30, 1, 0, 19726, 3, 150, 188, D::)::17
23, 2, 4, 32908, 103, 231, 984, I::(::22, I::)::23
25, 1, 0, 11383, 2, 125, 235, D::]::11
33, 1, 0, 26926, 3, 165, 147, I::]::32
34, 1, 0, 29454, 1, 170, 68, S:::::,::27
28, 2, 3, 53328, 77, 281, 104, D::**::0, D::**::26
30, 1, 1, 19594, 8, 150, 203, I::}::28
28, 1, 0, 15590, 4, 140, 144, I::}::26
40, 1, 1, 47890, 4, 200, 451, I::)::39
32, 2, 5, 80351, 1, 321, 1338, D::NEWLINE::14, D::or::15
29, 1, 0, 17235, 1, 145, 63, I:::::22
29, 2, 0, 59707, 14, 291, 121, D::**::19, D::**::27
31, 1, 1, 20358, 16, 155, 132, I::)::30
35, 1, 0, 30353, 3, 175, 116, D::)::9
21, 1, 0, 6499, 1, 105, 42, S::NAME::import::2
24, 2, 8, 35225, 127, 241, 883, I::{::3, I::}::18
33, 2, 1373, 88313, 1872, 331, 1375, D::/::30, D::>::31
33, 1, 0, 24711, 4, 165, 105, D::NEWLINE::17
23, 1, 0, 8973, 1, 115, 48, I::}::22
30, 2, 2, 62064, 83, 301, 237, D::NUMBER::3, D::NUMBER::8
24, 1, 0, 10355, 1, 120, 50, I::,::13
37, 1, 0, 36319, 3, 185, 174, I::+::32
40, 1, 1, 44362, 11, 200, 330, I::[::6
30, 2, 2, 64761, 11, 301, 552, I::)::19, S::NUMBER::NEWLINE::20
21, 1, 0, 6704, 1, 105, 40, D:::::9
30, 1, 9, 18602, 22, 150, 136, I::=::27
41, 1, 0, 49242, 5, 205, 106, D:::::39
25, 1, 0, 12566, 1, 125, 168, S::STRING::]::22
27, 1, 0, 14729, 7, 135, 71, D::>>::0
23, 2, 9, 32146, 11, 231, 1231, I::{::17, I::}::21
35, 3, 369, 283432, 5934, 561, 7859, D::NAME::14, D::NAME::15, D::NAME::16
23, 3, 93408, 172990, 10158, 369, 438, I::,::7, I::,::14, I::,::21
27, 1, 0, 14779, 3, 135, 76, D::,::20
35, 3, 108, 266185, 656, 561, 3737, D::...::18, S::.::,::19, I::]::24
39, 1, 0, 43810, 7, 195, 208, I::}::37
37, 1, 0, 35559, 5, 185, 132, D::}::35
33, 1, 0, 25682, 6, 165, 108, I::)::31
35, 1, 0, 31765, 1, 175, 72, I::,::28
26, 1, 0, 12905, 5, 130, 76, I::NAME::25
33, 1, 0, 26870, 9, 165, 143, I::[::23
27, 1, 1, 15359, 18, 135, 287, I::]::25
37, 1, 1, 35641, 1, 185, 107, I::}::36
38, 1, 0, 41707, 6, 190, 125, S::.::,::9
28, 1, 0, 16267, 1, 140, 58, I::,::10
34, 2, 0, 92920, 1, 341, 79, I::,::7, I::,::16
27, 1, 0, 14206, 6, 135, 128, I::[::2
34, 1, 0, 27877, 4, 170, 101, D::.::14
29, 1, 0, 17926, 1, 145, 60, I::}::28
41, 1, 2, 49951, 1, 205, 557, I::]::38
24, 1, 0, 12153, 1, 120, 48, S::[::{::13
23, 2, 1385, 31390, 472, 231, 206, I::,::5, I::,::10
21, 1, 0, 7029, 8, 105, 133, D::NAME::18
38, 2, 639, 127687, 1055, 381, 1254, S::[::{::0, S::]::}::36
26, 1, 0, 12714, 4, 130, 110, S::;::,::14
34, 2, 9, 88398, 105, 341, 192, D::**::1, D::**::24
41, 1, 1, 52087, 7, 205, 304, I::}::39
29, 2, 2, 62211, 42, 291, 434, D::NAME::0, D:::::2
29, 1, 0, 17004, 7, 145, 103, I::,::14
24, 1, 0, 10725, 1, 120, 48, S::as::for::4
33, 1, 0, 25384, 1, 165, 68, I::}::32
27, 1, 0, 13846, 1, 135, 56, I::,::14
26, 1, 0, 14610, 4, 130, 307, I::]::25
37, 2, 0, 118410, 1, 371, 74, S::=:::::6, S::=:::::21
41, 1, 0, 47584, 5, 205, 102, D::.::39
26, 2, 7, 40533, 101, 261, 145, D::**::0, D::**::24
31, 1, 0, 22083, 4, 155, 134, S::,:::::17
40, 1, 33, 47134, 24, 200, 143, D::NAME::10
29, 2, 9, 57943, 25, 291, 1340, S::STRING::)::16, I::NEWLINE::18
38, 2, 14, 134047, 230, 381, 1767, D::for::28, D:::::32
39, 1, 0, 41018, 3, 195, 164, I::]::38
26, 1, 0, 12258, 5, 130, 114, I::]::25
35, 1, 2, 30119, 16, 175, 216, D::]::30
30, 1, 52, 19502, 47, 150, 192, S::NAME::return::24
29, 2, 143, 74987, 1517, 291, 3494, I::[::0, D::NEWLINE::14
32, 1, 0, 24080, 11, 160, 98, D:://::17
21, 1, 0, 6739, 5, 105, 69, I::)::19
33, 1, 0, 28842, 14, 165, 133, I::,::30
25, 2, 30, 48211, 318, 251, 2755, I::]::22, I::NEWLINE::25
22, 2, 34, 30109, 659, 221, 1759, I::,::1, I::,::3
23, 1, 0, 9815, 3, 115, 64, D::.::21
21, 1, 0, 7127, 4, 105, 102, I::]::20
27, 2, 18, 49777, 481, 271, 1117, I::(::26, I::)::27
30, 2, 76, 67876, 989, 301, 1653, I::(::15, I::)::16
34, 2, 44, 96198, 615, 341, 1793, I::]::14, I::]::30
31, 1, 0, 22495, 2, 155, 95, D::]::12
22, 1, 0, 8194, 1, 110, 66, D:::::13
32, 1, 2, 24287, 22, 160, 143, I::STRING::18
26, 2, 5, 42147, 91, 261, 145, D::**::0, D::**::24
28, 1, 0, 15625, 7, 140, 143, I::]::27
25, 1, 2, 11980, 18, 125, 122, D::.::20
36, 1, 23, 31876, 23, 180, 133, D::STRING::11
21, 1, 2, 8950, 29, 105, 363, I::)::16
35, 1, 1, 30256, 2, 175, 148, I::=::1
28, 2, 13, 59078, 185, 281, 2269, I::)::27, I::NEWLINE::28
29, 1, 0, 17994, 6, 145, 70, D::(::3
22, 1, 0, 8085, 5, 110, 139, D::NAME::0
24, 3, 207, 149504, 2338, 385, 7631, I::(::20, I::)::21, S::if::]::24
28, 1, 0, 16760, 2, 140, 68, I::NAME::2
24, 1, 0, 10476, 1, 120, 259, I::]::23
28, 2, 19, 60397, 103, 281, 2166, I::)::14, I::]::15
38, 1, 0, 40066, 4, 190, 87, D::.::36
31, 3, 0, 171386, 1, 497, 84, I::,::11, I::,::16, I::,::27
27, 1, 0, 14110, 4, 135, 85, D::.::20
26, 2, 0, 41602, 9, 261, 71, D::>>::0, D::>>::6
34, 1, 0, 28796, 1, 170, 114, D::}::15
28, 3, 6, 134355, 307, 449, 135, D::<::0, D::<::23, D::>::26
34, 2, 9, 91692, 63, 341, 1560, I::)::27, I::NEWLINE::28
27, 1, 1, 14152, 28, 135, 298, I::]::25
41, 1, 1, 51717, 2, 205, 421, I::[::0
22, 1, 0, 7820, 2, 110, 64, I::NAME::2
30, 2, 3, 60763, 73, 301, 149, D::**::19, D::**::28
33, 3, 0, 209474, 1, 529, 72, I::,::10, I::,::20, I::,::26
27, 1, 0, 14042, 3, 135, 154, D::NAME::0
27, 1, 0, 14383, 2, 135, 74, I::}::25
38, 1, 0, 37720, 2, 190, 83, D::.::2
34, 1, 4, 30273, 21, 170, 158, I::=::5
29, 3, 6, 142534, 353, 465, 326, D::NUMBER::8, D::NUMBER::11, D::NUMBER::23
36, 2, 180, 113046, 1025, 361, 1526, I::[::23, I::]::24
24, 1, 0, 10724, 5, 120, 127, I::]::22
40, 1, 0, 44832, 2, 200, 103, D:::::1
28, 2, 0, 52344, 1, 281, 60, I::,::7, I::,::21
35, 1, 0, 29253, 1, 175, 70, S::,:::::12
38, 1, 0, 40939, 1, 190, 183, I::]::37
35, 1, 0, 30435, 2, 175, 143, I::}::33
32, 2, 0, 75508, 1, 321, 64, S::=:::::9, S::=:::::23
25, 1, 0, 11569, 1, 125, 52, I::,::20
22, 1, 0, 7729, 3, 110, 119, I::]::21
33, 1, 7, 27738, 19, 165, 234, I::(::19
27, 1, 0, 14079, 1, 135, 56, I::}::26
25, 1, 0, 11599, 4, 125, 70, D::>::23
32, 2, 6, 78012, 206, 321, 169, D::**::6, D::**::15
33, 1, 0, 25413, 1, 165, 68, I::]::31
36, 2, 0, 110353, 1, 361, 72, S::global::NAME::2, S::global::NAME::11
31, 1, 17, 20809, 22, 155, 126, I::,::28
40, 1, 0, 46276, 6, 200, 177, S::if::for::17
26, 3, 20, 108371, 536, 417, 1992, D::NAME::0, D::is::2, D:::::3
26, 1, 0, 12115, 1, 130, 72, I::)::25
22, 1, 0, 8038, 1, 110, 124, I::}::21
33, 1, 0, 25376, 1, 165, 68, I::}::31
21, 1, 0, 7266, 1, 105, 44, I::}::20
32, 1, 0, 22720, 3, 160, 76, D:::::30
39, 1, 28, 42270, 24, 195, 156, D::NAME::0
25, 1, 3, 12041, 34, 125, 177, D::NAME::2
25, 1, 2, 11877, 29, 125, 184, D::NAME::14
23, 1, 0, 10168, 5, 115, 179, I::)::22
36, 1, 1, 34257, 21, 180, 225, S::NAME::)::21
38, 1, 0, 38530, 1, 190, 78, I::}::37
21, 2, 0, 24751, 3, 211, 97, I::}::9, S::,::}::19
40, 1, 1, 45616, 17, 200, 167, D::NAME::16
28, 2, 1104, 56521, 1323, 281, 1069, S::[::{::2, S::]::}::26
40, 2, 1164, 157634, 1771, 401, 1557, S::[::{::3, S::]::}::27
30, 1, 0, 18817, 4, 150, 81, D::**::28
26, 1, 0, 12716, 2, 130, 123, I::}::12
22, 2, 572, 31438, 3678, 221, 1518, I::(::8, I::)::12
21, 3, 113, 63889, 1769, 337, 450, D::NAME::0, D::NEWLINE::3, D::{::19
40, 1, 0, 45854, 3, 200, 178, D::NAME::17
33, 1, 1, 26409, 11, 165, 185, I::)::32
29, 1, 1, 17508, 12, 145, 150, D::NAME::27
24, 1, 0, 10109, 1, 120, 50, I::,::18
24, 2, 10, 34418, 87, 241, 816, I::}::22, S::,::)::23
36, 1, 4, 34327, 20, 180, 143, I::,::24
22, 2, 3, 28288, 20, 221, 903, D::.::18, D::class::19
33, 1, 1, 24888, 1, 165, 284, D::]::28
25, 1, 0, 11769, 1, 125, 52, I::{::3
33, 3, 435, 246123, 5567, 529, 7402, D::NAME::14, D::NAME::15, D::...::17
33, 1, 0, 25608, 2, 165, 76, I::}::32
21, 3, 2, 61553, 94, 337, 338, D::NAME::0, D::NAME::7, D::NAME::14
22, 2, 8237, 36180, 1518, 221, 855, D::>>::0, D::>::1
41, 1, 1, 51217, 13, 205, 169, D::)::34
28, 2, 2, 53781, 47, 281, 279, S::=::,::4, S::=::,::12
25, 2, 9, 38679, 262, 251, 865, I::(::24, I::)::25
21, 1, 0, 7191, 7, 105, 115, I::[::2
31, 1, 0, 21385, 1, 155, 80, D::.::29
25, 3, 1, 91677, 45, 401, 117, D::.::4, D::.::11, D::.::23
34, 2, 16, 96419, 32, 341, 1609, I::)::29, I::NEWLINE::30
34, 2, 9, 94648, 23, 341, 1387, I::)::7, I::NEWLINE::9
25, 1, 0, 11729, 1, 125, 52, I::,::12
41, 1, 3, 52223, 17, 205, 347, D::[::28
27, 1, 0, 14898, 14, 135, 113, I:::::20
28, 1, 0, 15093, 1, 140, 56, S::NAME::import::0
37, 1, 0, 37370, 1, 185, 76, I::}::36
32, 1, 0, 26300, 5, 160, 95, D::>::19
24, 3, 98029, 196224, 42384, 385, 3181, D::NAME::19, D::NAME::20, D:::::22
29, 1, 0, 18572, 9, 145, 86, D::[::22
30, 3, 2918, 160296, 2313, 481, 164, D::>::0, D::>::14, D::>::24
39, 1, 0, 43739, 7, 195, 155, I::(::28
21, 2, 226, 25640, 1905, 211, 1135, I::,::5, I::,::7
32, 1, 0, 22798, 7, 160, 128, S::NAME::,::25
39, 1, 1, 44961, 5, 195, 436, D::)::21
31, 1, 0, 21252, 3, 155, 198, I::]::30
36, 1, 0, 32925, 3, 180, 78, S::class::NAME::12
40, 2, 1632, 154522, 2676, 401, 1941, I::STRING::37, I:::::38
26, 2, 1, 43829, 33, 261, 282, S::[::(::17, S::(::[::18
37, 1, 0, 36351, 3, 185, 228, I::]::35
35, 1, 5, 32307, 56, 175, 389, I::]::25
32, 2, 0, 76649, 1, 321, 68, I::,::12, I::,::22
40, 1, 0, 47342, 2, 200, 89, I::NAME::39
41, 1, 0, 48809, 5, 205, 103, D::*::39
21, 1, 1, 6793, 26, 105, 163, I::.::7
39, 2, 24, 142648, 296, 391, 1822, D::STRING::34, I::}::38
23, 2, 38479, 70132, 1067, 231, 1088, S::import::from::0, S::from::import::2
38, 2, 9, 128879, 222, 381, 260, D::NAME::0, D::NAME::35
24, 1, 0, 10507, 22, 120, 292, I::)::8
24, 3, 189, 190854, 3831, 385, 10725, I::[::0, D::NEWLINE::11, D::NEWLINE::22
35, 1, 0, 30667, 1, 175, 72, I::}::34
32, 2, 41, 84619, 412, 321, 1775, I::)::19, I::NEWLINE::23
32, 1, 0, 23485, 1, 160, 64, S::]::}::30
22, 1, 0, 8070, 1, 110, 50, S::def::NAME::18
29, 1, 0, 17298, 17, 145, 179, I::)::28
30, 2, 0, 65326, 3, 301, 226, S::(::{::3, S::)::}::27
35, 2, 12, 99981, 204, 351, 182, S:::::=::11, S:::::=::20
21, 1, 0, 6754, 1, 105, 44, I::,::15
27, 1, 196, 14171, 25, 135, 138, D::NUMBER::23
35, 3, 624, 246543, 2031, 561, 436, D::<::0, D::class::1, D::>::3
26, 1, 0, 13274, 1, 130, 52, S::)::}::24
29, 1, 0, 17480, 6, 145, 107, S::=::==::8
26, 3, 7, 115733, 166, 417, 249, I::STRING::6, I::STRING::12, D::,::15
31, 1, 1, 21584, 1, 155, 348, I::]::29
26, 1, 0, 12864, 3, 130, 127, I::NAME::17
25, 2, 93, 43759, 1800, 251, 2223, I::(::20, I::)::24
37, 1, 3, 34484, 25, 185, 173, I::)::34
27, 1, 11, 16547, 22, 135, 124, I::=::13
26, 1, 0, 12657, 5, 130, 88, S::NEWLINE:::::7
30, 1, 0, 19459, 1, 150, 124, S::,::]::27
39, 1, 0, 41926, 2, 195, 121, I::}::37
41, 1, 1, 50054, 11, 205, 166, I::)::40
25, 1, 0, 11219, 1, 125, 48, D:::::3
33, 1, 0, 26614, 2, 165, 72, S::class::NAME::16
31, 1, 0, 21582, 17, 155, 231, I::)::29
22, 1, 0, 8331, 1, 110, 134, D::STRING::14
41, 1, 0, 49126, 4, 205, 108, I::NAME::29
29, 1, 1, 17661, 15, 145, 119, I:::::2
38, 1, 0, 38547, 4, 190, 338, I::)::36
33, 1, 2, 29210, 11, 165, 613, I::)::30
25, 1, 0, 11690, 1, 125, 52, I::,::12
41, 1, 0, 49342, 4, 205, 130, I::,::36
26, 2, 17, 43479, 103, 261, 417, D::{::13, I::}::24
24, 1, 0, 9808, 13, 120, 177, S::NAME::)::22
23, 1, 1, 8944, 7, 115, 202, D::)::19
25, 1, 0, 13204, 2, 125, 124, D::NUMBER::20
29, 1, 0, 17303, 9, 145, 167, I::)::28
28, 1, 13, 15929, 58, 140, 267, I::)::20
26, 2, 97, 41383, 185, 261, 123, D::>::0, D::>::13
27, 1, 0, 13693, 1, 135, 56, I::}::26
23, 1, 1, 8864, 13, 115, 317, I::)::22
29, 2, 37, 60276, 136, 291, 102, D::>::0, D::>::17
26, 2, 142, 45753, 1221, 261, 1312, I::STRING::15, I:::::16
30, 1, 0, 19889, 3, 150, 87, D::=::21
31, 2, 2, 70355, 30, 311, 175, I::=::6, I::(::8
26, 2, 0, 44859, 1, 261, 56, I::,::10, I::,::18
24, 1, 1, 10286, 30, 120, 216, I::]::13
29, 1, 0, 17847, 5, 145, 78, D::.::27
37, 3, 224, 286848, 535, 593, 119, I::...::5, I::...::12, I::...::19
22, 1, 0, 7935, 2, 110, 49, I::)::21
22, 1, 0, 7530, 1, 110, 44, S::NAME::import::0
31, 1, 0, 22057, 10, 155, 153, I::(::13
32, 1, 0, 24539, 3, 160, 72, S::is::NUMBER::7
29, 2, 55, 72074, 19, 291, 2452, I::[::13, I::]::28
41, 1, 0, 49690, 1, 205, 84, I::}::40
30, 3, 258, 203061, 528, 481, 5872, I::)::12, I::NEWLINE::14, I::NEWLINE::23
33, 1, 0, 25934, 2, 165, 106, I::}::32
25, 1, 0, 11958, 3, 125, 65, D::and::14
35, 1, 0, 31166, 5, 175, 90, D::.::33
23, 1, 0, 9365, 4, 115, 73, D::.::20
22, 2, 24, 40587, 86, 221, 3195, I::NAME::0, I::(::1
33, 2, 25, 86126, 581, 331, 1531, D::NEWLINE::22, D::>>::23
33, 2, 1, 81942, 11, 331, 430, D::NAME::11, D:::::13
26, 3, 51, 119760, 1396, 417, 2938, D::/::2, D::NAME::3, S::/::STRING::4
32, 1, 0, 22970, 1, 160, 64, S::,:::::4
36, 2, 0, 114195, 1, 361, 68, D::,::7, D::,::23
40, 1, 1, 46362, 11, 200, 147, D::.::14
39, 2, 23, 150097, 71, 391, 2065, I::)::28, I::NEWLINE::34
29, 2, 144, 64785, 2495, 291, 2152, D::NEWLINE::25, S::NAME::=::26
39, 1, 1, 43064, 19, 195, 290, I::]::38
37, 3, 255, 327212, 1192, 593, 4371, I::)::25, I::NEWLINE::27, I::NEWLINE::33
39, 2, 28, 158583, 37, 391, 2881, I::}::37, I::NEWLINE::39
32, 1, 0, 23927, 6, 160, 223, I::)::31
21, 1, 0, 7479, 2, 105, 67, I::}::20
22, 1, 0, 8155, 4, 110, 152, D::(::4
29, 1, 0, 17495, 1, 145, 60, I::,::24
30, 1, 0, 19843, 5, 150, 81, D::.::28
39, 1, 0, 46057, 3, 195, 101, D:::::1
31, 1, 0, 22485, 1, 155, 113, D::)::10
34, 3, 690, 446539, 4051, 545, 14347, I::[::33, I::]::34, I::]::35
28, 1, 0, 15492, 3, 140, 125, I::]::26
24, 1, 0, 10508, 5, 120, 123, I::)::7
41, 2, 202, 162070, 1011, 411, 1753, D::[::0, I::[::3
24, 3, 26, 84207, 727, 385, 716, D::NAME::17, D::NEWLINE::20, D::NAME::21
25, 1, 0, 11533, 8, 125, 147, I::)::24
33, 1, 0, 27334, 5, 165, 155, D::)::25
29, 2, 2, 58077, 72, 291, 228, D::)::12, I::)::28
37, 1, 0, 37772, 2, 185, 86, I::]::35
26, 1, 0, 13795, 1, 130, 52, S::NAME::from::0
31, 1, 0, 21807, 2, 155, 68, S::def::NAME::26
23, 1, 2, 8855, 20, 115, 107, I::,::19
41, 1, 0, 51380, 2, 205, 89, S::from::import::0
33, 1, 0, 25871, 1, 165, 152, D::NAME::31
33, 1, 0, 26464, 4, 165, 150, D::STRING::25
32, 2, 7750, 86897, 1975, 321, 1120, S::[::{::0, S::]::}::30
33, 1, 0, 25448, 1, 165, 68, I::]::31
22, 1, 0, 7542, 3, 110, 199, I::(::20
25, 1, 0, 11567, 10, 125, 152, I::}::14
33, 1, 0, 25390, 1, 165, 81, I::)::5
27, 1, 3, 15846, 27, 135, 145, D::NAME::0
25, 1, 0, 11215, 4, 125, 67, D::.::23
25, 1, 78, 11603, 24, 125, 115, D::NUMBER::21
27, 1, 0, 14235, 1, 135, 56, I::}::26
23, 2, 472, 34042, 1864, 231, 1623, D::NAME::3, D::NAME::4
25, 3, 1156, 127811, 15574, 401, 4756, D::NAME::0, S::NAME::(::20, S::;::)::22
22, 1, 0, 7536, 5, 110, 207, I::)::14
24, 2, 0, 34313, 5, 241, 93, S::(::{::2, S::)::}::22
32, 1, 0, 24661, 3, 160, 175, I::}::30
21, 1, 0, 6513, 7, 105, 98, D::NUMBER::13
29, 1, 0, 17291, 5, 145, 85, I::]::5
27, 2, 8, 44274, 108, 271, 96, D::>::0, D::>::15
26, 1, 0, 12616, 5, 130, 135, I::]::25
27, 1, 0, 14347, 9, 135, 164, I::]::15
25, 1, 0, 12712, 3, 125, 155, I::)::24
30, 1, 0, 20239, 1, 150, 79, D::)::3
36, 1, 0, 33505, 2, 180, 117, I::,::19
24, 1, 0, 10214, 7, 120, 94, I::]::10
29, 1, 0, 18002, 3, 145, 81, D::&::27
31, 1, 1, 21012, 14, 155, 161, I::]::30
32, 1, 0, 24775, 1, 160, 184, I::]::31
28, 1, 0, 15826, 3, 140, 72, I::)::27
36, 1, 0, 32489, 8, 180, 179, I::[::10
33, 1, 0, 25715, 2, 165, 180, I::}::31
23, 1, 0, 8965, 1, 115, 44, D:::::5
28, 2, 0, 53858, 1, 281, 198, S::,:::::11, S::,:::::23
34, 2, 3777, 98397, 2092, 341, 1374, S::[::{::2, S::]::}::32
36, 1, 0, 33002, 11, 180, 135, I::,::21
25, 1, 0, 11508, 8, 125, 135, I::}::23
21, 1, 0, 7493, 1, 105, 54, I::]::19
33, 1, 0, 26528, 1, 165, 68, I::}::30
24, 2, 1, 34927, 19, 241, 282, S::=:::::4, S::=:::::14
26, 1, 0, 13393, 1, 130, 125, D::]::23
26, 1, 0, 12448, 11, 130, 128, I::,::18
27, 1, 0, 14751, 2, 135, 164, I::(::2
37, 3, 0, 283634, 1, 593, 80, I::,::10, I::,::22, I::,::30
41, 1, 12, 49904, 20, 205, 201, I::(::37
28, 1, 0, 17248, 1, 140, 58, I::,::21
23, 1, 76, 9477, 24, 115, 146, S::NAME::import::0
27, 2, 197, 49617, 770, 271, 1034, D::>>::0, D::>::1
31, 1, 0, 22707, 9, 155, 176, I:::::11
28, 2, 2017, 61655, 3092, 281, 2257, D::NAME::0, D::NAME::1
32, 2, 961, 83665, 1803, 321, 1352, S::[::{::2, S::]::}::18
21, 1, 0, 6820, 2, 105, 46, D::with::17
35, 1, 0, 30801, 1, 175, 72, I::,::18
25, 1, 0, 11096, 5, 125, 76, D::*::23
35, 2, 0, 106359, 8, 351, 250, D::NAME::23, D::NAME::29
41, 1, 0, 50111, 1, 205, 87, I:::::22
36, 1, 0, 33285, 1, 180, 74, I::,::15
32, 2, 0, 77669, 4, 321, 366, I:::::17, I::}::29
30, 3, 7, 158338, 225, 481, 223, D::...::11, D::.::26, S::.::...::27
24, 1, 0, 11570, 2, 120, 54, S::class::STRING::18
26, 3, 156, 119640, 2228, 417, 3561, I::,::20, S::NAME:::::22, S::STRING::NAME::23
33, 1, 0, 25596, 6, 165, 174, I::}::32
32, 2, 10, 76193, 230, 321, 310, I:::::4, I:::::21
23, 1, 0, 9004, 8, 115, 106, I::(::3
40, 2, 8, 148281, 167, 401, 185, D::**::6, D::**::23
26, 2, 358, 48803, 2047, 261, 2163, D::NAME::22, D::NAME::23
32, 1, 0, 24026, 1, 160, 173, D::)::29
37, 1, 3, 37154, 44, 185, 466, I::]::35
32, 2, 2, 79001, 63, 321, 122, D::<::0, D::<::16
32, 2, 46, 80499, 545, 321, 1008, I::(::13, I::(::23
26, 2, 19, 49928, 228, 261, 1856, I::)::16, I::NEWLINE::18
39, 1, 1, 45073, 24, 195, 294, I::]::37
33, 1, 0, 27177, 5, 165, 166, I::}::28
35, 1, 6, 32143, 20, 175, 117, D::>::0
39, 1, 0, 43652, 2, 195, 90, S::NAME::from::3
33, 1, 0, 26232, 2, 165, 71, I:::::7
37, 1, 0, 38327, 3, 185, 90, D::*::34
21, 1, 0, 7358, 5, 105, 92, I::,::10
22, 1, 0, 7642, 1, 110, 140, D::NAME::19
38, 1, 4, 39367, 29, 190, 209, I::.::26
22, 1, 0, 7782, 6, 110, 96, S:::::,::5
23, 1, 0, 9059, 1, 115, 108, S::,:::::8
26, 2, 1, 42881, 24, 261, 230, D::NAME::6, D::NAME::19
41, 2, 2931, 177431, 4440, 411, 3138, I::(::28, I::)::34
37, 1, 0, 35263, 2, 185, 135, S::]::)::35
22, 1, 0, 7508, 1, 110, 168, D::)::17
29, 1, 0, 17054, 7, 145, 74, D::>>::10
27, 2, 2, 47819, 114, 271, 150, S:::::,::11, S:::::,::17
23, 1, 0, 10533, 4, 115, 63, D::.::21
23, 1, 0, 9473, 15, 115, 161, I::,::12
39, 1, 0, 45285, 1, 195, 118, I::}::21